last_pop_flow,last_vacancy,last_tourists,last_sns_kpop,last_hotel_rate,scen_A,scen_B,scen_C,night_economy,kpop_fandom,policy_support,scenario,success_prob_target,success_flag,delta_flow_target,delta_vacancy_target
0.8530144095420837,0.25180676579475403,0.6963416337966919,0.49468982219696045,0.6507757902145386,0.0,0.0,1.0,0.21396248042583466,0.36335670948028564,0.633107602596283,C,0.5320162177085876,0,0.0587342232465744,-0.021145084872841835
0.8767820596694946,0.2382730096578598,0.7763024568557739,0.5470179319381714,0.7702460289001465,0.0,1.0,0.0,0.8697813153266907,0.8091601133346558,0.5729828476905823,B,0.7206116914749146,1,0.11572981625795364,-0.014019552618265152
0.7605523467063904,0.1503029614686966,0.7008087038993835,0.5081192255020142,0.8118700981140137,0.0,0.0,1.0,0.3717430830001831,0.6371074914932251,0.8496431112289429,C,0.7056388854980469,1,0.09384824335575104,-0.03463864326477051
0.7289773225784302,0.16932515799999237,0.7578951120376587,0.47447848320007324,0.6821444034576416,0.0,0.0,1.0,0.2627932131290436,0.1098611056804657,0.6499183773994446,C,0.560005247592926,0,0.08217758685350418,-0.015620811842381954
0.8122555017471313,0.31143561005592346,0.6795275211334229,0.4046408236026764,0.7655137181282043,1.0,0.0,0.0,0.7223705053329468,0.3250056207180023,0.29778262972831726,A,0.3904028534889221,0,0.08216969668865204,-0.0036811106838285923
0.8200733065605164,0.26191073656082153,0.8415429592132568,0.5614205598831177,0.7586003541946411,0.0,0.0,1.0,0.7688383460044861,0.617985188961029,0.9580097794532776,C,0.6606338024139404,1,0.09690972417593002,-0.026059405878186226
0.7334001660346985,0.22652661800384521,0.7687193751335144,0.3634466528892517,0.7128137350082397,0.0,0.0,1.0,0.16810530424118042,0.0985133945941925,0.8605066537857056,C,0.5701349973678589,1,0.0774180218577385,-0.02365821972489357
0.8243398666381836,0.17473368346691132,0.695078432559967,0.46155253052711487,0.739279568195343,0.0,0.0,1.0,0.7249075174331665,0.6645270586013794,0.7955049872398376,C,0.6052595376968384,1,0.11019691079854965,-0.03586145490407944
0.7678035497665405,0.3331908583641052,0.7484390139579773,0.5561648607254028,0.6766555905342102,1.0,0.0,0.0,0.5739882588386536,0.15219362080097198,0.3234628140926361,A,0.36685097217559814,0,0.03357367590069771,-0.013889642432332039
0.7985487580299377,0.2105151116847992,0.7959009408950806,0.5295711159706116,0.7427133321762085,0.0,1.0,0.0,0.6544578075408936,0.7477222681045532,0.9636024832725525,B,0.7506065964698792,1,0.14034046232700348,-0.011215138249099255
0.8753402829170227,0.1873742938041687,0.8281570076942444,0.5514662265777588,0.7563992142677307,0.0,1.0,0.0,0.7483952641487122,0.8245401978492737,0.6500847935676575,B,0.7739555239677429,1,0.1530493050813675,-0.01816404238343239
0.8423672318458557,0.20305964350700378,0.811133086681366,0.3977155387401581,0.7837985754013062,0.0,0.0,1.0,0.6671735048294067,0.3677254617214203,0.6531193256378174,C,0.563011884689331,1,0.11684618890285492,-0.025609882548451424
0.8252847790718079,0.17725428938865662,0.7513477206230164,0.6024993062019348,0.8170211911201477,0.0,1.0,0.0,0.726250171661377,0.7693747878074646,0.7521699666976929,B,0.7478803992271423,1,0.14474382996559143,-0.021252986043691635
0.7554168701171875,0.2660426199436188,0.8261703848838806,0.3959415853023529,0.7051548957824707,0.0,0.0,1.0,0.35753756761550903,0.30471575260162354,0.8169407844543457,C,0.49075525999069214,1,0.07046139240264893,-0.03595723211765289
0.8737622499465942,0.2865012288093567,0.8819143176078796,0.5469803810119629,0.7053637504577637,0.0,1.0,0.0,0.7231011986732483,0.7508224248886108,0.419491708278656,B,0.6507619619369507,1,0.12802749872207642,-0.009657548740506172
0.7081789374351501,0.2761928141117096,0.6416115164756775,0.45061689615249634,0.6998811960220337,1.0,0.0,0.0,0.33301106095314026,0.24517183005809784,0.2607533037662506,A,0.36444535851478577,0,0.0516236387193203,-0.013420723378658295
0.8682977557182312,0.2528744637966156,0.8077993392944336,0.6558621525764465,0.7269955277442932,0.0,1.0,0.0,0.40649574995040894,0.8654917478561401,0.8214583992958069,B,0.7607027888298035,0,0.09526710212230682,-0.018619315698742867
0.7555912733078003,0.19494985044002533,0.7348853349685669,0.4039541780948639,0.7699294090270996,1.0,0.0,0.0,0.4585026204586029,0.11050033569335938,0.5159103274345398,A,0.4167744517326355,0,0.02360069938004017,-0.009000424295663834
0.8548573851585388,0.28909242153167725,0.7527108192443848,0.5325724482536316,0.768089771270752,0.0,0.0,1.0,0.45265617966651917,0.23546406626701355,0.7736588716506958,C,0.5418980121612549,0,0.0852893814444542,-0.015642903745174408
0.7471669912338257,0.19911442697048187,0.8036311268806458,0.486093670129776,0.8120238780975342,0.0,1.0,0.0,0.7501381635665894,0.5198541879653931,0.08130856603384018,B,0.6530920267105103,1,0.10490695387125015,0.004242198541760445
0.8477170467376709,0.24773894250392914,0.7409039735794067,0.4977090358734131,0.6880327463150024,0.0,0.0,1.0,0.6858192682266235,0.18952436745166779,0.7689310312271118,C,0.5370042324066162,1,0.09601020812988281,-0.013429711572825909
0.7541609406471252,0.3195902705192566,0.7511253356933594,0.6385544538497925,0.747430145740509,0.0,1.0,0.0,0.874384343624115,0.7033098340034485,0.544006884098053,B,0.7148255705833435,1,0.11860435456037521,-0.020891079679131508
0.7772871851921082,0.13988275825977325,0.775193989276886,0.39632371068000793,0.765500545501709,0.0,0.0,1.0,0.7839836478233337,0.40516185760498047,0.570666491985321,C,0.6454399824142456,1,0.11426372826099396,-0.02939855307340622
0.8465242981910706,0.19101038575172424,0.7738653421401978,0.5647106170654297,0.7253944873809814,0.0,0.0,1.0,0.7865985631942749,0.46383023262023926,0.5000889301300049,C,0.6643166542053223,0,0.13197100162506104,-0.028594892472028732
0.7509017586708069,0.14878425002098083,0.6996403932571411,0.4911356270313263,0.7364635467529297,0.0,0.0,1.0,0.06362053006887436,0.3477446436882019,0.3809809684753418,C,0.4793448746204376,0,0.05050021782517433,-0.032958462834358215
0.725252091884613,0.23749588429927826,0.7778919339179993,0.4599073827266693,0.6977861523628235,1.0,0.0,0.0,0.10662167519330978,0.10247807949781418,0.39902999997138977,A,0.36922380328178406,0,0.025893114507198334,-0.0026696918066591024
0.7601668238639832,0.2782791554927826,0.8229508399963379,0.5435776114463806,0.745354950428009,0.0,1.0,0.0,0.9428864121437073,0.5996116399765015,0.45750895142555237,B,0.5954630374908447,1,0.12893475592136383,0.001927679404616356
0.817349374294281,0.24506263434886932,0.7023558020591736,0.43315568566322327,0.7198197245597839,1.0,0.0,0.0,0.42384806275367737,0.29261109232902527,0.14057579636573792,A,0.413526713848114,0,0.06856192648410797,-0.013643450103700161
0.7031385898590088,0.2134944647550583,0.7196499109268188,0.4702613353729248,0.7991149425506592,1.0,0.0,0.0,0.35173553228378296,0.18820789456367493,0.484260231256485,A,0.3815453052520752,0,0.06320951879024506,-0.01470656506717205
0.7439370155334473,0.22338837385177612,0.692732572555542,0.46746721863746643,0.6885889172554016,0.0,0.0,1.0,0.5487290620803833,0.4250393509864807,0.692382276058197,C,0.5860643982887268,1,0.09587708860635757,-0.013667489401996136
0.8311108946800232,0.19107303023338318,0.7082165479660034,0.460958868265152,0.7446396350860596,0.0,0.0,1.0,0.4689347445964813,0.383820116519928,0.7870832681655884,C,0.5780907869338989,1,0.06918381154537201,-0.021193066611886024
0.7571476101875305,0.2659969925880432,0.7402302622795105,0.412570983171463,0.7008896470069885,0.0,0.0,1.0,0.5123730897903442,0.49373912811279297,0.6804651618003845,C,0.4970073997974396,0,0.11472916603088379,-0.017872963100671768
0.6925938129425049,0.21049728989601135,0.7891761064529419,0.4893024265766144,0.7217894196510315,1.0,0.0,0.0,0.08868610113859177,0.2164837270975113,0.11769604682922363,A,0.3781697154045105,0,0.0648990198969841,0.000515881460160017
0.8578696250915527,0.23378564417362213,0.8031903505325317,0.5476053357124329,0.7380574941635132,0.0,1.0,0.0,0.7984885573387146,0.8940930962562561,0.8888999819755554,B,0.7526000142097473,0,0.132964625954628,-0.024425826966762543
0.7652708292007446,0.2550995647907257,0.737062931060791,0.5667123794555664,0.8155641555786133,0.0,1.0,0.0,0.7964491248130798,0.8963409662246704,0.3678955137729645,B,0.7204616069793701,1,0.13995224237442017,-0.004816827364265919
0.8383627533912659,0.26267823576927185,0.6900443434715271,0.5144147276878357,0.7772212028503418,1.0,0.0,0.0,0.6290147304534912,0.1342894434928894,0.2093018740415573,A,0.4003414511680603,0,0.06392664462327957,-0.0070601701736450195
0.7379124164581299,0.2734665870666504,0.7031692862510681,0.37085530161857605,0.6925798058509827,1.0,0.0,0.0,0.11271227151155472,0.03150113672018051,0.6002046465873718,A,0.38082757592201233,0,0.01938634179532528,-0.00435644993558526
0.8866811990737915,0.19515076279640198,0.8228448629379272,0.5247535109519958,0.7919977903366089,0.0,1.0,0.0,0.8128434419631958,0.8853169679641724,0.5531491637229919,B,0.7218482494354248,1,0.12520116567611694,-0.01577683351933956
0.7718138694763184,0.22599555552005768,0.7260293960571289,0.454541951417923,0.7554712295532227,1.0,0.0,0.0,0.10937684774398804,0.16523541510105133,0.4809671640396118,A,0.412852942943573,1,0.057267509400844574,-0.002376603428274393
0.7963228225708008,0.255613774061203,0.7843179702758789,0.6019696593284607,0.8357551097869873,0.0,1.0,0.0,0.49146464467048645,0.8520209193229675,0.8027052283287048,B,0.7107884287834167,0,0.109249547123909,-0.003626929596066475
0.7690814733505249,0.14488352835178375,0.7569305300712585,0.6659432649612427,0.7626901865005493,0.0,1.0,0.0,0.46660271286964417,0.9153279662132263,0.5470787286758423,B,0.7159180641174316,0,0.08279579877853394,-0.011541642248630524
0.7976528406143188,0.23721320927143097,0.7252113223075867,0.46010321378707886,0.663874089717865,0.0,0.0,1.0,0.1302538365125656,0.3225697875022888,0.8552432656288147,C,0.5391746163368225,1,0.07370282709598541,-0.026355387642979622
0.8170324563980103,0.14671209454536438,0.6983053684234619,0.4409055709838867,0.6840940713882446,0.0,0.0,1.0,0.5577448606491089,0.5014830231666565,0.9171128869056702,C,0.6065962314605713,1,0.13816845417022705,-0.02349044568836689
0.7241964936256409,0.2829471826553345,0.7814062833786011,0.4536808431148529,0.786149799823761,1.0,0.0,0.0,0.49438855051994324,0.3773692548274994,0.06965314596891403,A,0.5012381672859192,1,0.06174629181623459,-0.00304284761659801
0.7969973683357239,0.28560346364974976,0.7383580207824707,0.5507457852363586,0.7729195356369019,0.0,0.0,1.0,0.540247917175293,0.5452715158462524,0.9130277037620544,C,0.5658681988716125,1,0.13413110375404358,-0.01375147607177496
0.7985525727272034,0.24283188581466675,0.6901472210884094,0.43429967761039734,0.6761757135391235,0.0,0.0,1.0,0.666509747505188,0.2736295163631439,0.8614678382873535,C,0.6295908689498901,0,0.13513155281543732,-0.006075579673051834
0.8639761209487915,0.2558007538318634,0.8580944538116455,0.5698253512382507,0.8160943388938904,0.0,1.0,0.0,0.8544448614120483,0.5676355361938477,0.7543101906776428,B,0.7529280185699463,1,0.1477860063314438,-0.014438046142458916
0.7256355881690979,0.29689088463783264,0.7195793390274048,0.476269394159317,0.762187123298645,1.0,0.0,0.0,0.3471233546733856,0.060817308723926544,0.48960840702056885,A,0.4183737635612488,0,-0.00047203153371810913,-0.009291236288845539
0.8389183878898621,0.1606988161802292,0.7849339246749878,0.5004032850265503,0.7458587884902954,0.0,0.0,1.0,0.5273116827011108,0.25064578652381897,0.6160463094711304,C,0.6170345544815063,1,0.08517273515462875,-0.03176727518439293
0.7659313082695007,0.32278895378112793,0.7028429508209229,0.4980012774467468,0.7923935651779175,1.0,0.0,0.0,0.6889986395835876,0.09944996237754822,0.1387687772512436,A,0.314409464597702,1,0.0716669112443924,-0.0026510939933359623
0.8071045279502869,0.30173832178115845,0.7484456300735474,0.41427963972091675,0.7842307686805725,1.0,0.0,0.0,0.2695384919643402,0.5378372669219971,0.6078944802284241,A,0.463139146566391,0,0.052427373826503754,0.0003820965066552162
0.7877697348594666,0.28571757674217224,0.7743921279907227,0.4636550545692444,0.7421002388000488,1.0,0.0,0.0,0.4199078679084778,0.10081900656223297,0.40262213349342346,A,0.4082598090171814,0,0.0638841986656189,-0.022378258407115936
0.7900583148002625,0.1991037130355835,0.7821357846260071,0.4121715724468231,0.7634902000427246,0.0,0.0,1.0,0.5282805562019348,0.1952853500843048,0.8125043511390686,C,0.5311877131462097,1,0.07059632241725922,-0.03240041434764862
0.8373361229896545,0.22748813033103943,0.7817203402519226,0.5567998886108398,0.7962404489517212,0.0,1.0,0.0,0.7551833987236023,0.6171712875366211,0.5713231563568115,B,0.6590139269828796,0,0.12383455038070679,-0.009297040291130543
0.744040846824646,0.21321766078472137,0.7387313842773438,0.47749757766723633,0.6636674404144287,0.0,0.0,1.0,0.27781838178634644,0.484342485666275,0.6107977628707886,C,0.5482222437858582,0,0.05486627668142319,-0.02475038357079029
0.8625001311302185,0.24062992632389069,0.769875168800354,0.5036983489990234,0.770321249961853,0.0,0.0,1.0,0.32869771122932434,0.25543156266212463,0.8184905052185059,C,0.5953405499458313,1,0.06388729810714722,-0.014638196676969528
0.8586792349815369,0.3114382028579712,0.7786207795143127,0.5893718600273132,0.7469723224639893,0.0,1.0,0.0,0.4193434417247772,0.9778941869735718,0.6935295462608337,B,0.6561172008514404,1,0.10759535431861877,-0.015943016856908798
0.827196478843689,0.20506370067596436,0.7539962530136108,0.6361925601959229,0.7665392756462097,0.0,1.0,0.0,0.713554859161377,0.9735260009765625,0.8499637842178345,B,0.7369806170463562,1,0.1317235231399536,-0.026680124923586845
0.76535564661026,0.28421056270599365,0.7123079299926758,0.40962308645248413,0.7415016293525696,1.0,0.0,0.0,0.16842356324195862,0.18430237472057343,0.43566712737083435,A,0.30289196968078613,0,0.03362605348229408,-0.010106097906827927
0.7744059562683105,0.2378803789615631,0.665233314037323,0.44185933470726013,0.7615079879760742,1.0,0.0,0.0,0.17208752036094666,0.2624300420284271,0.5233041048049927,A,0.36724162101745605,1,0.07870188355445862,0.0012615080922842026
0.8575072288513184,0.20194809138774872,0.8935105204582214,0.5791692733764648,0.8341464996337891,0.0,1.0,0.0,0.8692382574081421,0.7618287205696106,0.8062947988510132,B,0.7042070031166077,1,0.11922073364257812,-0.03999999910593033
0.7676784992218018,0.27461883425712585,0.8114038705825806,0.5651535987854004,0.770426869392395,0.0,1.0,0.0,0.6107127666473389,0.8731370568275452,0.8748579025268555,B,0.7886863350868225,1,0.1373414695262909,-0.020489420741796494
0.7937927842140198,0.19721683859825134,0.7789232134819031,0.5385158061981201,0.7527803778648376,0.0,1.0,0.0,0.5602233409881592,0.7955621480941772,0.5477780103683472,B,0.6219738125801086,1,0.08649501949548721,-0.015179813839495182
0.7236236333847046,0.21100984513759613,0.6766083836555481,0.5324129462242126,0.6968141794204712,0.0,0.0,1.0,0.3326740264892578,0.6133631467819214,0.5291361808776855,C,0.4825569689273834,1,0.08179918676614761,-0.019910313189029694
0.7703335285186768,0.19192823767662048,0.7662367820739746,0.5301982760429382,0.799796998500824,0.0,1.0,0.0,0.34153833985328674,0.8161420822143555,0.6226713061332703,B,0.742550253868103,1,0.11258246749639511,-0.014791096560657024
0.8136515021324158,0.21375705301761627,0.8364022970199585,0.5545353293418884,0.7872377038002014,0.0,1.0,0.0,0.6692173480987549,0.9293746948242188,0.775996208190918,B,0.7153241634368896,1,0.11837061494588852,-0.012153824791312218
0.7566305994987488,0.2939145565032959,0.7623627781867981,0.5383687019348145,0.7229658365249634,0.0,1.0,0.0,0.577033519744873,0.8918428421020508,0.6326147317886353,B,0.7063538432121277,0,0.1261761337518692,-0.01803714595735073
0.8118476271629333,0.2787182331085205,0.668928325176239,0.4189612567424774,0.7642583847045898,1.0,0.0,0.0,0.3919367492198944,0.03608737140893936,0.15431199967861176,A,0.4113999605178833,1,0.01523243635892868,-0.006951602641493082
0.7160527110099792,0.23058746755123138,0.6729374527931213,0.39326757192611694,0.7120292782783508,1.0,0.0,0.0,0.43526318669319153,0.059526246041059494,0.4748416841030121,A,0.3641144931316376,1,0.036431554704904556,-0.008176594041287899
0.8372693657875061,0.18456915020942688,0.7894395589828491,0.5023033618927002,0.7966806888580322,0.0,1.0,0.0,0.7699261903762817,0.812558650970459,0.8658868074417114,B,0.761488676071167,0,0.13369904458522797,-0.01880653202533722
0.8131054043769836,0.2695237994194031,0.7129854559898376,0.46620091795921326,0.7217445373535156,1.0,0.0,0.0,0.35381409525871277,0.16221903264522552,0.7265887260437012,A,0.408290833234787,0,0.0535963699221611,-0.002997409086674452
0.8535469174385071,0.21986208856105804,0.8601942658424377,0.597427487373352,0.7032718658447266,0.0,1.0,0.0,0.6047344207763672,0.8529022336006165,0.3736623227596283,B,0.7598500847816467,1,0.13916519284248352,0.0010013449937105179
0.7370328307151794,0.2663065791130066,0.726519763469696,0.44029611349105835,0.7633968591690063,0.0,0.0,1.0,0.39950141310691833,0.19680334627628326,0.7242708206176758,C,0.4549236297607422,0,0.10149387270212173,-0.014558137394487858
0.7255513668060303,0.3115615248680115,0.755326509475708,0.4505801796913147,0.7429731488227844,1.0,0.0,0.0,0.06656572222709656,0.1126324012875557,0.3948594331741333,A,0.42190316319465637,0,0.05702489614486694,-0.009924225509166718
0.7126410007476807,0.3076684772968292,0.7803942561149597,0.4797418415546417,0.7513542175292969,1.0,0.0,0.0,0.1919904202222824,0.22787536680698395,0.47556522488594055,A,0.3604661822319031,0,0.03880317136645317,-0.004048846662044525
0.7497076392173767,0.23289424180984497,0.7478657364845276,0.47061485052108765,0.7059246897697449,1.0,0.0,0.0,0.3011853098869324,0.11165770888328552,0.11291675269603729,A,0.34372279047966003,0,0.0185720082372427,-0.003218555124476552
0.8140581250190735,0.2948240041732788,0.7501260638237,0.5029441118240356,0.7860844731330872,1.0,0.0,0.0,0.2773730158805847,0.02416291832923889,0.2576749324798584,A,0.364874929189682,1,0.04541061446070671,-0.007157502230256796
0.8773370981216431,0.19587568938732147,0.8204795122146606,0.560182511806488,0.6998937129974365,0.0,1.0,0.0,0.839144229888916,0.8253053426742554,0.7950254082679749,B,0.7357720136642456,1,0.12826472520828247,-0.013298345729708672
0.8907927870750427,0.3079886734485626,0.8607285618782043,0.5787914395332336,0.8029372096061707,0.0,1.0,0.0,0.7471847534179688,0.5190682411193848,0.8945504426956177,B,0.7463260293006897,1,0.13439404964447021,-0.028420591726899147
0.7736087441444397,0.261772483587265,0.741732656955719,0.45319297909736633,0.8035468459129333,0.0,0.0,1.0,0.4771605134010315,0.377639502286911,0.6479737758636475,C,0.5490896105766296,0,0.09165523946285248,-0.015678299590945244
0.7805479764938354,0.32681068778038025,0.7468224763870239,0.524474561214447,0.733958899974823,0.0,1.0,0.0,0.7733568549156189,0.4599235951900482,0.7679193615913391,B,0.6637873649597168,0,0.12693381309509277,-0.014426758512854576
0.88248211145401,0.28064242005348206,0.772999107837677,0.5322177410125732,0.7439168095588684,0.0,1.0,0.0,0.8086310029029846,0.902628481388092,0.6366564631462097,B,0.6945115923881531,0,0.12270908057689667,-0.019246332347393036
0.8220369219779968,0.23048312962055206,0.7738169431686401,0.45784810185432434,0.7453998327255249,0.0,0.0,1.0,0.6499447226524353,0.06297898292541504,0.625761866569519,C,0.45545634627342224,1,0.09273964166641235,-0.023138904944062233
0.7018454670906067,0.30980050563812256,0.6787359118461609,0.42926672101020813,0.7933379411697388,1.0,0.0,0.0,0.055232319980859756,0.0926637202501297,0.5377249121665955,A,0.3897619843482971,1,0.02940482646226883,-0.013654718175530434
0.7551279664039612,0.2989393174648285,0.731701135635376,0.51585453748703,0.6724007725715637,1.0,0.0,0.0,0.7547449469566345,0.4436761140823364,0.21128828823566437,A,0.402037650346756,1,0.03856112062931061,0.002697351388633251
0.7866727709770203,0.22571317851543427,0.7341222763061523,0.46839967370033264,0.773485004901886,1.0,0.0,0.0,0.36711350083351135,0.41629403829574585,0.2048598825931549,A,0.3915978968143463,0,0.05115281790494919,-0.015436911955475807
0.7574793696403503,0.24188172817230225,0.6773608922958374,0.4744725823402405,0.6979539394378662,0.0,0.0,1.0,0.20917576551437378,0.4137634336948395,0.9284933805465698,C,0.5306732654571533,1,0.08197221159934998,-0.025701312348246574
0.8837628364562988,0.2081671506166458,0.7795823812484741,0.6626749634742737,0.7272475957870483,0.0,1.0,0.0,0.9283124208450317,0.952385663986206,0.674056887626648,B,0.7128070592880249,1,0.15313641726970673,-0.018665403127670288
0.8253013491630554,0.24891522526741028,0.7584473490715027,0.45247703790664673,0.7457747459411621,1.0,0.0,0.0,0.1968153417110443,0.6973375082015991,0.2963116466999054,A,0.47277945280075073,1,0.07565657049417496,-0.003024545032531023
0.7511376142501831,0.22013385593891144,0.8630113005638123,0.6414300799369812,0.8226597309112549,0.0,1.0,0.0,0.4649120271205902,0.8231543898582458,0.541170060634613,B,0.7169457674026489,0,0.11868386715650558,-0.011872350238263607
0.750913143157959,0.30545854568481445,0.7223729491233826,0.37990039587020874,0.6888649463653564,1.0,0.0,0.0,0.3920036852359772,0.05372445657849312,0.23048363626003265,A,0.3285914659500122,0,0.052882347255945206,-0.0029579896945506334
0.7530432939529419,0.23035986721515656,0.7138713598251343,0.46225032210350037,0.6904765963554382,0.0,0.0,1.0,0.6799538731575012,0.36330220103263855,0.4739673435688019,C,0.5353468060493469,1,0.05131230503320694,-0.01700817421078682
0.8222330808639526,0.30134034156799316,0.8122274279594421,0.5782411694526672,0.7759283185005188,0.0,1.0,0.0,0.6682631969451904,0.8136371970176697,0.5694913864135742,B,0.6780585050582886,1,0.11064009368419647,-0.00934683158993721
0.8589508533477783,0.30621039867401123,0.7420653700828552,0.6499735713005066,0.8418536186218262,0.0,1.0,0.0,0.7089411616325378,0.8924879431724548,0.4531641900539398,B,0.6629995107650757,0,0.1405157446861267,-0.02555253356695175
0.7509968876838684,0.2998563349246979,0.7507097125053406,0.4614636301994324,0.685836911201477,1.0,0.0,0.0,0.17519529163837433,0.4921458959579468,0.5193443894386292,A,0.48613616824150085,0,0.05313370004296303,0.004778616596013308
0.8687133193016052,0.296640545129776,0.8303821086883545,0.6409014463424683,0.8314433693885803,0.0,1.0,0.0,0.3106725513935089,0.878775417804718,0.8549935221672058,B,0.660895824432373,0,0.08787069469690323,-0.020664870738983154
0.7719742655754089,0.30669671297073364,0.8461222052574158,0.5176385641098022,0.7735565304756165,0.0,1.0,0.0,0.7305868268013,0.518094539642334,0.5661551356315613,B,0.6851784586906433,0,0.10903088748455048,-0.0014584977179765701
0.7676466703414917,0.2241840958595276,0.6912419199943542,0.4995906352996826,0.7556878328323364,1.0,0.0,0.0,0.05096894130110741,0.32830896973609924,0.11799211800098419,A,0.4185848534107208,1,0.056896574795246124,-0.005533207673579454
0.7014113068580627,0.31255221366882324,0.6572821140289307,0.4287591576576233,0.7438576817512512,1.0,0.0,0.0,0.2568182051181793,0.1868770271539688,0.6620324850082397,A,0.4200490415096283,0,0.03339352458715439,-0.011900237761437893
0.7701407670974731,0.25849494338035583,0.806115984916687,0.4366247355937958,0.7998918890953064,0.0,0.0,1.0,0.3580336272716522,0.37044814229011536,0.7809803485870361,C,0.5610490441322327,1,0.09499819576740265,-0.019906751811504364
0.7632295489311218,0.2655241787433624,0.7375936508178711,0.44299980998039246,0.7058119177818298,0.0,0.0,1.0,0.8434587121009827,0.48087021708488464,0.5293235778808594,C,0.6438280344009399,1,0.06442753970623016,-0.02083406411111355
0.8320173621177673,0.22061946988105774,0.8023273348808289,0.5679105520248413,0.7303671836853027,0.0,0.0,1.0,0.5402255654335022,0.5477514863014221,0.7567383050918579,C,0.6515690684318542,1,0.13121038675308228,-0.034233059734106064
0.7252510786056519,0.3273842930793762,0.6542824506759644,0.4150155782699585,0.7797765135765076,1.0,0.0,0.0,0.1467747837305069,0.13652461767196655,0.5076854228973389,A,0.44835159182548523,0,0.021595748141407967,-0.004539456218481064
0.735962450504303,0.2222832441329956,0.8043718338012695,0.5447790622711182,0.7463422417640686,0.0,0.0,1.0,0.7876862287521362,0.6016406416893005,0.40537115931510925,C,0.559235155582428,1,0.1004805788397789,-0.0186934731900692
0.7680714130401611,0.26065686345100403,0.7595731616020203,0.5007619261741638,0.67315673828125,0.0,0.0,1.0,0.49049946665763855,0.520920991897583,0.41435596346855164,C,0.6216655373573303,1,0.06090649962425232,-0.023791439831256866
0.8144558072090149,0.2353193312883377,0.728866696357727,0.4622434079647064,0.7104123830795288,0.0,0.0,1.0,0.1514531672000885,0.46669086813926697,0.7608336210250854,C,0.5786863565444946,0,0.08709006756544113,-0.028282469138503075
0.8338723182678223,0.298073947429657,0.7460321187973022,0.5656222105026245,0.8215126395225525,0.0,1.0,0.0,0.3943248391151428,0.7953922748565674,0.8150550723075867,B,0.6512450575828552,1,0.09803052246570587,-0.017983848229050636
0.7580906748771667,0.27341824769973755,0.6701184511184692,0.38771191239356995,0.7517895698547363,1.0,0.0,0.0,0.2603899836540222,0.2678808867931366,0.21978212893009186,A,0.4352591335773468,0,0.0745384693145752,-0.0016307614278048277
0.7288061380386353,0.22322379052639008,0.7757992744445801,0.371339350938797,0.7555173635482788,1.0,0.0,0.0,0.5252639651298523,0.08533558249473572,0.3726944625377655,A,0.4345846176147461,1,0.08740773051977158,0.0021060332655906677
0.7905122637748718,0.2235698252916336,0.7424020171165466,0.5251249670982361,0.7110444903373718,0.0,0.0,1.0,0.5715340971946716,0.6480045914649963,0.7932611703872681,C,0.6370710730552673,1,0.11827615648508072,-0.01671658828854561
0.8426013588905334,0.2332482784986496,0.7901284694671631,0.5527986884117126,0.8287463188171387,0.0,1.0,0.0,0.8512712717056274,0.9674685001373291,0.858900785446167,B,0.5970455408096313,0,0.12586283683776855,-0.024695951491594315
0.8277773261070251,0.271078497171402,0.7210492491722107,0.46088188886642456,0.6935165524482727,1.0,0.0,0.0,0.1113317683339119,0.37820181250572205,0.11538992077112198,A,0.4145544171333313,1,0.010213905945420265,-0.005454727448523045
0.8000621795654297,0.3056500256061554,0.745624840259552,0.4219571650028229,0.7822551727294922,1.0,0.0,0.0,0.4358099102973938,0.055318765342235565,0.1427774280309677,A,0.339337557554245,0,0.023711318150162697,-0.004708780441433191
0.8602506518363953,0.23252424597740173,0.7439088821411133,0.5979242324829102,0.815557062625885,0.0,1.0,0.0,0.7024641633033752,0.6074952483177185,0.8079457879066467,B,0.7168918251991272,0,0.15384408831596375,-0.016255909577012062
0.7985879778862,0.23308786749839783,0.7689093947410583,0.5360226631164551,0.7327625155448914,1.0,0.0,0.0,0.4767681956291199,0.37875503301620483,0.3326893150806427,A,0.42854174971580505,0,0.06856802850961685,-0.010060851462185383
0.7527068853378296,0.1899014711380005,0.777376115322113,0.5131283402442932,0.6799291372299194,0.0,0.0,1.0,0.1888490617275238,0.2528790533542633,0.8387071490287781,C,0.5606980323791504,0,0.09145647287368774,-0.023096201941370964
0.7649871110916138,0.30268728733062744,0.6825809478759766,0.41539865732192993,0.8042854070663452,0.0,0.0,1.0,0.20397432148456573,0.28194302320480347,0.4831576347351074,C,0.535085141658783,0,0.1129366010427475,-0.00931575521826744
0.8329914808273315,0.23692995309829712,0.7965482473373413,0.4202101528644562,0.7157454490661621,0.0,0.0,1.0,0.16511978209018707,0.5266072750091553,0.9377699494361877,C,0.5810176134109497,0,0.0747932717204094,-0.02630266360938549
0.849997878074646,0.2319636344909668,0.8391287326812744,0.5780466198921204,0.7658765316009521,0.0,1.0,0.0,0.6962051391601562,0.6620593070983887,0.6135109066963196,B,0.7541258335113525,1,0.12104908376932144,-0.013175208121538162
0.8614475131034851,0.20756539702415466,0.8133493065834045,0.5654622912406921,0.7503651976585388,0.0,1.0,0.0,0.39544761180877686,0.6935455203056335,0.3195071220397949,B,0.6186052560806274,1,0.11211197078227997,-0.02223692461848259
0.791652262210846,0.22668316960334778,0.7913789749145508,0.6239444613456726,0.8006421327590942,0.0,1.0,0.0,0.855829656124115,0.8827731013298035,0.4697273075580597,B,0.7055720090866089,0,0.1353592425584793,-0.030464407056570053
0.8320780992507935,0.26600873470306396,0.8625515103340149,0.538914680480957,0.756987988948822,0.0,1.0,0.0,0.7451040744781494,0.8431225419044495,0.6044749021530151,B,0.72170090675354,0,0.131763756275177,-0.01972959376871586
0.7296560406684875,0.2568543255329132,0.7367909550666809,0.43373751640319824,0.7031345367431641,1.0,0.0,0.0,0.33379223942756653,0.3508852422237396,0.17112715542316437,A,0.4146576225757599,1,0.06860195845365524,-0.0030981572344899178
0.781266450881958,0.18507510423660278,0.8240997195243835,0.6231737732887268,0.7361922860145569,0.0,1.0,0.0,0.4959443509578705,0.75834059715271,0.7407625913619995,B,0.7679059505462646,0,0.1205526813864708,-0.01918421871960163
0.7671864628791809,0.3085919916629791,0.7251123189926147,0.5185065865516663,0.7599183917045593,1.0,0.0,0.0,0.23851120471954346,0.24676096439361572,0.19432321190834045,A,0.3662784695625305,1,0.03548085689544678,0.000570167088881135
0.8792425990104675,0.22644485533237457,0.759711742401123,0.5147918462753296,0.6995694041252136,0.0,1.0,0.0,0.8352228403091431,0.684459388256073,0.40902382135391235,B,0.7099913358688354,1,0.11623790860176086,-0.028111329302191734
0.7827703356742859,0.17469869554042816,0.7436127662658691,0.39157840609550476,0.7764557003974915,1.0,0.0,0.0,0.16315777599811554,0.08519618213176727,0.33593040704727173,A,0.43586206436157227,0,0.06396953761577606,-0.0071702455170452595
0.7910018563270569,0.29290181398391724,0.654930830001831,0.4441697895526886,0.731214165687561,1.0,0.0,0.0,0.17479129135608673,0.09877683222293854,0.4481610953807831,A,0.3624049723148346,0,0.033176980912685394,-0.02359819784760475
0.8094397187232971,0.1895810216665268,0.7098227143287659,0.4872799515724182,0.7837543487548828,1.0,0.0,0.0,0.5160809755325317,0.15185390412807465,0.5465420484542847,A,0.4490719437599182,0,0.09679552912712097,-0.00968934502452612
0.8381549715995789,0.17341139912605286,0.87498939037323,0.5080544352531433,0.7992226481437683,0.0,1.0,0.0,0.7460773587226868,0.7840452790260315,0.5620340704917908,B,0.768909752368927,0,0.143058180809021,-0.03195524588227272
0.6949835419654846,0.24688245356082916,0.7034580111503601,0.3981064558029175,0.6785129308700562,1.0,0.0,0.0,0.09166019409894943,0.057469893246889114,0.24403630197048187,A,0.30059385299682617,0,0.028458185493946075,0.016584184020757675
0.7907847166061401,0.23434163630008698,0.6949427127838135,0.4080706834793091,0.7422395348548889,0.0,0.0,1.0,0.42730170488357544,0.23862841725349426,0.5760990381240845,C,0.39195719361305237,1,0.062131937593221664,-0.019680451601743698
0.8389911651611328,0.28016459941864014,0.8171527981758118,0.6247167587280273,0.7654685974121094,0.0,1.0,0.0,0.7547205686569214,0.6849466562271118,0.5300754904747009,B,0.6333039999008179,1,0.08706498891115189,-0.012242274358868599
0.8190441727638245,0.19583269953727722,0.873620867729187,0.5618191361427307,0.7840994000434875,0.0,1.0,0.0,0.7695273756980896,0.8878723978996277,0.7046196460723877,B,0.6939523220062256,1,0.12918595969676971,-0.01667427457869053
0.8585456609725952,0.22694356739521027,0.7648249268531799,0.5187638401985168,0.7668378949165344,0.0,1.0,0.0,0.6618993878364563,0.6679829955101013,0.8521867394447327,B,0.6783809065818787,1,0.11012732982635498,-0.015450358390808105
0.7653062343597412,0.22210751473903656,0.7070054411888123,0.4867945909500122,0.7938799858093262,1.0,0.0,0.0,0.40936610102653503,0.12154004722833633,0.5624685883522034,A,0.3841952383518219,0,0.06500045955181122,-0.014515996910631657
0.83432537317276,0.22628001868724823,0.7044461369514465,0.4185386598110199,0.736222505569458,0.0,0.0,1.0,0.27147728204727173,0.35728028416633606,0.4722394347190857,C,0.5613139271736145,1,0.10795091092586517,-0.0028399452567100525
0.7968719005584717,0.24698780477046967,0.7860689759254456,0.617697536945343,0.7153346538543701,0.0,1.0,0.0,0.7881878614425659,0.9300239086151123,0.7320961952209473,B,0.702771782875061,1,0.1380794197320938,-0.01351863518357277
0.7816999554634094,0.23915691673755646,0.7506417036056519,0.4798320531845093,0.7098493576049805,0.0,0.0,1.0,0.3423919677734375,0.597805380821228,0.5896003246307373,C,0.6236838102340698,1,0.10556178539991379,-0.032635901123285294
0.7551515102386475,0.3000336289405823,0.7017629742622375,0.4711584448814392,0.6786020994186401,1.0,0.0,0.0,0.2589431703090668,0.16705814003944397,0.3215111494064331,A,0.3564048111438751,0,0.05346988886594772,0.008221305906772614
0.8032615184783936,0.22495664656162262,0.7385101318359375,0.5873041749000549,0.8300646543502808,0.0,1.0,0.0,0.9123806357383728,0.9038023948669434,0.7249100208282471,B,0.7502789497375488,1,0.1387716680765152,-0.027548223733901978
0.8466795682907104,0.1620785892009735,0.764218270778656,0.5658785104751587,0.7247836589813232,0.0,1.0,0.0,0.7835520505905151,0.591376543045044,0.9217894673347473,B,0.7058282494544983,1,0.11973622441291809,-0.019521333277225494
0.7480477094650269,0.2817777395248413,0.7873206734657288,0.380337655544281,0.7621999979019165,0.0,0.0,1.0,0.664093554019928,0.2180059254169464,0.616550624370575,C,0.4515902101993561,0,0.03478311002254486,-0.008938925340771675
0.8072392344474792,0.20162895321846008,0.8398900628089905,0.5947708487510681,0.8027929663658142,0.0,1.0,0.0,0.7446642518043518,0.7479717135429382,0.817146897315979,B,0.7461524605751038,0,0.09401584416627884,-0.017906108871102333
0.8700947165489197,0.20121228694915771,0.8546410799026489,0.6447535157203674,0.8003388047218323,0.0,1.0,0.0,0.5792733430862427,0.7860767841339111,0.7035841941833496,B,0.7294676303863525,0,0.0937860831618309,-0.021058233454823494
0.7367696762084961,0.21238866448402405,0.7021088004112244,0.5118950605392456,0.7587777376174927,1.0,0.0,0.0,0.38153037428855896,0.3504498302936554,0.18584951758384705,A,0.3448326587677002,0,0.07956881821155548,0.00430061062797904
0.7859879732131958,0.30248314142227173,0.7792245745658875,0.5155476331710815,0.6507599949836731,1.0,0.0,0.0,0.11702992022037506,0.30251356959342957,0.1877959668636322,A,0.5095289945602417,0,0.0309976227581501,0.0012552887201309204
0.8692889213562012,0.24091897904872894,0.829933226108551,0.633280336856842,0.7186053395271301,0.0,1.0,0.0,0.43781930208206177,0.8986613750457764,0.583462119102478,B,0.7915143370628357,0,0.10301945358514786,-0.013945765793323517
0.8188124895095825,0.27441269159317017,0.8349665999412537,0.5679251551628113,0.7058228254318237,0.0,1.0,0.0,0.6575395464897156,0.948739230632782,0.6822759509086609,B,0.6987576484680176,1,0.10058776289224625,-0.018625421449542046
0.7316479682922363,0.26887938380241394,0.6759233474731445,0.4212484061717987,0.7423911690711975,1.0,0.0,0.0,0.2560865581035614,0.3211726248264313,0.7944672107696533,A,0.36004161834716797,0,0.04871652275323868,-0.008035292848944664
0.8129433393478394,0.27450916171073914,0.7231642007827759,0.5607607960700989,0.6512650847434998,0.0,0.0,1.0,0.12605223059654236,0.6581944227218628,0.5845754742622375,C,0.5674424767494202,1,0.0750480592250824,-0.023809513077139854
0.7496213316917419,0.2334977686405182,0.7131304740905762,0.5428423285484314,0.7523574233055115,0.0,0.0,1.0,0.4988420307636261,0.42321309447288513,0.5763983130455017,C,0.5475968718528748,1,0.09974019229412079,-0.015530498698353767
0.722571611404419,0.1867564618587494,0.7235559821128845,0.3980657756328583,0.7424735426902771,1.0,0.0,0.0,0.240600124001503,0.19273842871189117,0.1757044643163681,A,0.2524349093437195,0,0.020374907180666924,0.001472247764468193
0.7653422951698303,0.2184879183769226,0.8079906702041626,0.6227033734321594,0.7608948349952698,0.0,1.0,0.0,0.8032851815223694,0.8834107518196106,0.7015796899795532,B,0.7666212916374207,1,0.11648984253406525,-0.012610920704901218
0.7465363144874573,0.326577365398407,0.6382561326026917,0.42437389492988586,0.7309693694114685,1.0,0.0,0.0,0.27891096472740173,0.023262808099389076,0.3159613609313965,A,0.3026755154132843,0,0.043859660625457764,-0.004179453477263451
0.7586100697517395,0.19618858397006989,0.7187034487724304,0.5356966257095337,0.6746006011962891,0.0,0.0,1.0,0.37958091497421265,0.5128613114356995,0.8083367347717285,C,0.6298168897628784,1,0.08367238193750381,-0.029643479734659195
0.754638671875,0.2845880091190338,0.7772870063781738,0.36871904134750366,0.7198662161827087,1.0,0.0,0.0,0.2979947626590729,0.13392755389213562,0.38567063212394714,A,0.4404492974281311,0,0.060978326946496964,-0.0007415865547955036
0.8565583229064941,0.32661619782447815,0.8100864887237549,0.49032604694366455,0.7225802540779114,0.0,1.0,0.0,0.6730870604515076,0.8137567639350891,0.9285249710083008,B,0.7376834750175476,1,0.1311110407114029,-0.011579707264900208
0.8504888415336609,0.17564000189304352,0.8076264262199402,0.40070685744285583,0.674330472946167,0.0,0.0,1.0,0.444644033908844,0.17917898297309875,0.953100860118866,C,0.5450031161308289,1,0.09303648769855499,-0.02558080665767193
0.800399124622345,0.2678925395011902,0.6971362829208374,0.4596610367298126,0.7084932327270508,0.0,0.0,1.0,0.21216964721679688,0.16564510762691498,0.9298347234725952,C,0.6009174585342407,0,0.05629023164510727,-0.02781694196164608
0.7872992157936096,0.2628048062324524,0.7802543044090271,0.4225960671901703,0.7198574542999268,1.0,0.0,0.0,0.05557967349886894,0.3839625120162964,0.36437317728996277,A,0.3096465468406677,0,0.04069220647215843,0.009706392884254456
0.8132228851318359,0.17096710205078125,0.7234557271003723,0.46853071451187134,0.7027413845062256,0.0,0.0,1.0,0.4011164903640747,0.34563201665878296,0.8178359866142273,C,0.6032141447067261,1,0.10988762974739075,-0.030178537592291832
0.755826473236084,0.2824140787124634,0.7624492645263672,0.4263627827167511,0.6982007026672363,1.0,0.0,0.0,0.6310974955558777,0.2113649696111679,0.4476485550403595,A,0.3854345977306366,0,0.04467470198869705,-0.006467816419899464
0.7815995216369629,0.20043672621250153,0.7125892043113708,0.44054892659187317,0.7111349105834961,1.0,0.0,0.0,0.11344587802886963,0.35136762261390686,0.5507002472877502,A,0.4302179515361786,1,0.04342569410800934,-0.004195950925350189
0.8235081434249878,0.1919960230588913,0.7193098068237305,0.6008930802345276,0.6944620013237,0.0,1.0,0.0,0.5012916922569275,0.7760135531425476,0.7169399857521057,B,0.6866156458854675,0,0.1267329901456833,-0.019289132207632065
0.8049560785293579,0.2762428820133209,0.8716602325439453,0.6402976512908936,0.7921324968338013,0.0,1.0,0.0,0.7370917201042175,0.7994670271873474,0.7685874700546265,B,0.7527759671211243,0,0.11183913052082062,-0.013004051521420479
0.7946994304656982,0.27841439843177795,0.6626244187355042,0.4498572051525116,0.6627495288848877,0.0,0.0,1.0,0.3357301652431488,0.23761111497879028,0.7495822310447693,C,0.5439343452453613,0,0.0840349867939949,-0.01627989299595356
0.8413524031639099,0.2603949010372162,0.7797192335128784,0.4106411039829254,0.6983594298362732,0.0,0.0,1.0,0.816630482673645,0.5584942102432251,0.8031903505325317,C,0.688993513584137,0,0.09210258722305298,-0.018477974459528923
0.7101370096206665,0.261735737323761,0.6472703814506531,0.3986937701702118,0.6703606843948364,1.0,0.0,0.0,0.14753630757331848,0.12243418395519257,0.37880146503448486,A,0.4295753240585327,0,0.05165678262710571,-0.025204863399267197
0.7541391253471375,0.22806011140346527,0.7132033109664917,0.44604361057281494,0.7106015682220459,0.0,0.0,1.0,0.3129328787326813,0.32411548495292664,0.7544244527816772,C,0.49666357040405273,1,0.08216376602649689,-0.016258452087640762
0.7858133316040039,0.26185253262519836,0.7446832656860352,0.491214781999588,0.7399018406867981,1.0,0.0,0.0,0.08152328431606293,0.27120503783226013,0.5168648958206177,A,0.4505019187927246,1,0.03373917564749718,-0.013095363974571228
0.8053862452507019,0.2921229898929596,0.7948821783065796,0.5333231091499329,0.6878723502159119,0.0,1.0,0.0,0.8931737542152405,0.7749695777893066,0.5933996438980103,B,0.6675640344619751,0,0.10657085478305817,-0.015275929123163223
0.7750613689422607,0.2320227324962616,0.7084516882896423,0.4349985122680664,0.7679576277732849,1.0,0.0,0.0,0.43843138217926025,0.6163749098777771,0.47730740904808044,A,0.4475531280040741,0,0.08421734720468521,-0.018371466547250748
0.7486053109169006,0.2978740632534027,0.7910969257354736,0.40962448716163635,0.8084607124328613,0.0,0.0,1.0,0.555652916431427,0.5457316040992737,0.6005497574806213,C,0.5999934077262878,1,0.09701068699359894,-0.012879078276455402
0.6841884851455688,0.23427201807498932,0.7300241589546204,0.4860101044178009,0.7047833204269409,1.0,0.0,0.0,0.11361820250749588,0.13889478147029877,0.14143778383731842,A,0.36691704392433167,0,0.036054860800504684,-0.012309834361076355
0.8373420834541321,0.2953713536262512,0.7539145946502686,0.5018778443336487,0.6763947010040283,1.0,0.0,0.0,0.37582942843437195,0.21083912253379822,0.9215472936630249,A,0.4108167290687561,0,0.028574138879776,-0.011883710511028767
0.8443006873130798,0.19427886605262756,0.7625689506530762,0.5049323439598083,0.817652702331543,0.0,1.0,0.0,0.3815850019454956,0.825533390045166,0.9587501883506775,B,0.7304915189743042,1,0.11445196717977524,-0.00901286955922842
0.787484347820282,0.2820417582988739,0.7722304463386536,0.5132261514663696,0.7349717617034912,0.0,0.0,1.0,0.5333510041236877,0.5015143752098083,0.40532100200653076,C,0.5988799333572388,0,0.14067566394805908,-0.02135423943400383
0.85343998670578,0.2937839925289154,0.6775532960891724,0.36799079179763794,0.7189298272132874,0.0,0.0,1.0,0.6250779628753662,0.16397230327129364,0.9217432141304016,C,0.600091814994812,0,0.11647394299507141,-0.024706050753593445
0.8462284207344055,0.267173171043396,0.7492409944534302,0.5121435523033142,0.6749746799468994,0.0,0.0,1.0,0.3619730770587921,0.35307279229164124,0.679566502571106,C,0.5838699340820312,1,0.09440579265356064,-0.013560941442847252
0.827389657497406,0.22852176427841187,0.7684507369995117,0.5046974420547485,0.7519555687904358,0.0,0.0,1.0,0.3376128673553467,0.3632790148258209,0.6788489818572998,C,0.614581823348999,1,0.09053866565227509,-0.005499985069036484
0.7823735475540161,0.30913519859313965,0.8077887296676636,0.48201048374176025,0.7847718000411987,0.0,0.0,1.0,0.6613593101501465,0.3104429841041565,0.9807528257369995,C,0.6591696739196777,1,0.10962381958961487,-0.024942999705672264
0.8265584707260132,0.24919989705085754,0.7315781116485596,0.5630356073379517,0.8294693827629089,0.0,1.0,0.0,0.38768067955970764,0.9249217510223389,0.8014073967933655,B,0.7316768765449524,1,0.11837939918041229,-0.015265539288520813
0.8307743668556213,0.29215022921562195,0.7111102938652039,0.47117307782173157,0.7177309989929199,1.0,0.0,0.0,0.26632463932037354,0.5032925605773926,0.5295192003250122,A,0.4767276346683502,1,0.07512058317661285,-0.01879313215613365
0.7771939039230347,0.25357893109321594,0.6752588152885437,0.4955500066280365,0.7001999616622925,0.0,0.0,1.0,0.37542542815208435,0.24720755219459534,0.7313432693481445,C,0.5686877369880676,1,0.055098384618759155,-0.02503330260515213
0.7713012099266052,0.1866810917854309,0.7624701261520386,0.5299720764160156,0.7187243103981018,0.0,1.0,0.0,0.5433275699615479,0.8290872573852539,0.37941980361938477,B,0.6427857279777527,1,0.10442011803388596,-0.010745788924396038
0.8242073655128479,0.26844215393066406,0.8105248212814331,0.49807658791542053,0.7800230383872986,0.0,1.0,0.0,0.8646575212478638,0.5476486682891846,0.7339293956756592,B,0.7620463967323303,0,0.13186068832874298,-0.022857381030917168
0.7696312069892883,0.24741928279399872,0.7808113098144531,0.5100684762001038,0.677158772945404,1.0,0.0,0.0,0.25440287590026855,0.10207260400056839,0.1569823920726776,A,0.42849767208099365,0,0.01754443719983101,-0.019659439101815224
0.8499023914337158,0.24433735013008118,0.7692518830299377,0.44949862360954285,0.7200137972831726,0.0,0.0,1.0,0.3286428451538086,0.100222148001194,0.603392481803894,C,0.4517970383167267,1,0.011907324194908142,-0.015294785611331463
0.7301890850067139,0.2819972336292267,0.7305357456207275,0.4336903989315033,0.7663896083831787,1.0,0.0,0.0,0.04700884968042374,0.052650291472673416,0.41087695956230164,A,0.3322066366672516,0,0.03396571800112724,-0.00820881873369217
0.86290442943573,0.1905919909477234,0.8099396824836731,0.5102145671844482,0.7629958987236023,0.0,0.0,1.0,0.5834563970565796,0.21002940833568573,0.6774642467498779,C,0.5715758204460144,0,0.08028797060251236,-0.011093318462371826
0.7639139294624329,0.30175864696502686,0.7626115083694458,0.38015997409820557,0.7090734839439392,1.0,0.0,0.0,0.39345696568489075,0.10638834536075592,0.5704077482223511,A,0.399686336517334,0,0.036968573927879333,-0.013147608377039433
0.8041760325431824,0.2432917207479477,0.7639412879943848,0.39500656723976135,0.7825769186019897,1.0,0.0,0.0,0.11513335257768631,0.30181068181991577,0.46222642064094543,A,0.40553003549575806,0,0.047770287841558456,-0.007730262354016304
0.8365545272827148,0.2140059918165207,0.7674182653427124,0.5092455148696899,0.7374284267425537,0.0,0.0,1.0,0.4761050343513489,0.10718467086553574,0.7901028990745544,C,0.5834950804710388,0,0.058772679418325424,-0.0018314085900783539
0.8261433243751526,0.28957149386405945,0.7609696388244629,0.42229360342025757,0.712435781955719,1.0,0.0,0.0,0.21187683939933777,0.26258543133735657,0.026482833549380302,A,0.4498957097530365,0,0.03199029341340065,-0.02046189084649086
0.7425355911254883,0.24185626208782196,0.7873626947402954,0.4789462685585022,0.7647568583488464,1.0,0.0,0.0,0.21562835574150085,0.23762598633766174,0.15865536034107208,A,0.3625669777393341,0,0.03235229477286339,0.004630108829587698
0.8447210788726807,0.18270835280418396,0.8171429634094238,0.6192042827606201,0.7211480140686035,0.0,1.0,0.0,0.6813861131668091,0.764915943145752,0.8806064128875732,B,0.7094323635101318,1,0.09797786921262741,-0.029805511236190796
0.8522814512252808,0.19924603402614594,0.7190871834754944,0.5409249663352966,0.7255582809448242,0.0,0.0,1.0,0.48827508091926575,0.6759024262428284,0.7822003960609436,C,0.593379020690918,0,0.11170089989900589,-0.019484015181660652
0.768079400062561,0.23518216609954834,0.7119960784912109,0.4027809798717499,0.7068424820899963,1.0,0.0,0.0,0.3187713325023651,0.04000786319375038,0.5429339408874512,A,0.3355582356452942,0,0.015341456979513168,-0.005801171530038118
0.7176928520202637,0.2530522346496582,0.7148011326789856,0.37288400530815125,0.7229353189468384,1.0,0.0,0.0,0.25883224606513977,0.12520761787891388,0.2650526463985443,A,0.30287235975265503,1,0.025461718440055847,-0.005304931662976742
0.7946196794509888,0.25147512555122375,0.7802978754043579,0.4466039836406708,0.6905075311660767,0.0,0.0,1.0,0.7453640699386597,0.1457454115152359,0.6840603947639465,C,0.6439520716667175,1,0.11479164659976959,-0.027243956923484802
0.8038482069969177,0.2291279435157776,0.720664381980896,0.44300201535224915,0.7219398021697998,0.0,0.0,1.0,0.7306215167045593,0.7116876840591431,0.6303808093070984,C,0.5495461821556091,0,0.10111337155103683,-0.009889466688036919
0.7974122166633606,0.2462659776210785,0.8183003664016724,0.5101855993270874,0.7302320599555969,0.0,1.0,0.0,0.9361843466758728,0.9439371824264526,0.7677724361419678,B,0.6874852180480957,1,0.11045990884304047,-0.021122241392731667
0.7759276032447815,0.24605952203273773,0.766834557056427,0.49488022923469543,0.7431095242500305,1.0,0.0,0.0,0.06272384524345398,0.03311483934521675,0.24157904088497162,A,0.3736509680747986,1,-0.001591961830854416,0.0012211445719003677
0.7275776267051697,0.28345224261283875,0.7122424244880676,0.3959493637084961,0.6894079446792603,1.0,0.0,0.0,0.33964890241622925,0.25318118929862976,0.27194368839263916,A,0.35458821058273315,0,0.0420570895075798,0.00669292313978076
0.8093801736831665,0.3294348120689392,0.7488494515419006,0.4005570113658905,0.7422357797622681,1.0,0.0,0.0,0.542756974697113,0.10749828815460205,0.23646284639835358,A,0.3391030430793762,0,0.0277312733232975,-0.006681433878839016
0.7118880748748779,0.3108450472354889,0.6374967098236084,0.4204377830028534,0.7043753266334534,1.0,0.0,0.0,0.19149591028690338,0.13433316349983215,0.5398374795913696,A,0.3209746778011322,1,0.05671572685241699,-0.02043786831200123
0.7418334484100342,0.18092496693134308,0.7680573463439941,0.46821901202201843,0.6965163946151733,0.0,0.0,1.0,0.43081748485565186,0.19511087238788605,0.5713181495666504,C,0.496343731880188,1,0.0896575003862381,0.002448122948408127
0.7248439788818359,0.21187284588813782,0.7708321809768677,0.43678635358810425,0.701335072517395,1.0,0.0,0.0,0.3842616379261017,0.03544886037707329,0.1548435389995575,A,0.3813296854496002,0,0.0511268712580204,-0.0047441753558814526
0.8599209189414978,0.20571602880954742,0.813470721244812,0.5236912965774536,0.7463333606719971,0.0,1.0,0.0,0.8566388487815857,0.762398898601532,0.8968749046325684,B,0.7246639728546143,0,0.12920252978801727,-0.02650165557861328
0.8420045375823975,0.25978806614875793,0.712929368019104,0.4508344233036041,0.7438254356384277,0.0,0.0,1.0,0.19851772487163544,0.4310133755207062,0.4357272684574127,C,0.47701624035835266,1,0.06972528249025345,-0.02306007407605648
0.7919294238090515,0.14415891468524933,0.8462690114974976,0.5352067351341248,0.8176169991493225,0.0,1.0,0.0,0.7614456415176392,0.540675938129425,0.7587485909461975,B,0.7451318502426147,0,0.08934932947158813,-0.017741020768880844
0.8080027103424072,0.32589009404182434,0.676108181476593,0.4167172610759735,0.7692314982414246,1.0,0.0,0.0,0.08498974144458771,0.15572986006736755,0.5711450576782227,A,0.40512603521347046,1,0.028714166954159737,-0.010788381099700928
0.7564858198165894,0.16854698956012726,0.7232546806335449,0.5175952315330505,0.7454662322998047,0.0,0.0,1.0,0.5114718675613403,0.5908569097518921,0.6036316156387329,C,0.5895915031433105,0,0.0643651932477951,-0.021590538322925568
0.7811886072158813,0.28987202048301697,0.7697227001190186,0.5553032755851746,0.7136716246604919,0.0,0.0,1.0,0.48652851581573486,0.45838218927383423,0.8395724892616272,C,0.5861069560050964,0,0.05228319391608238,-0.020682794973254204
0.7785636186599731,0.19068601727485657,0.772843062877655,0.4658229649066925,0.7793366312980652,0.0,0.0,1.0,0.341585248708725,0.4572123885154724,0.5434755086898804,C,0.5464935302734375,0,0.08588046580553055,-0.03300229460000992
0.7634376883506775,0.26293492317199707,0.6508259177207947,0.44638991355895996,0.7380374670028687,1.0,0.0,0.0,0.11749006062746048,0.04693828150629997,0.1049392968416214,A,0.3405683934688568,0,0.006219858303666115,-0.005996798165142536
0.7643412351608276,0.22445574402809143,0.7704541087150574,0.3914628326892853,0.7504820823669434,1.0,0.0,0.0,0.27695533633232117,0.19074103236198425,0.14710389077663422,A,0.33652180433273315,0,0.08745108544826508,0.005390864331275225
0.7714560031890869,0.2730264365673065,0.7091455459594727,0.5302197933197021,0.7740569710731506,0.0,0.0,1.0,0.5157644748687744,0.6543715596199036,0.84195476770401,C,0.5894588828086853,1,0.10215115547180176,-0.016872134059667587
0.8446070551872253,0.3131852149963379,0.8904184103012085,0.5992336869239807,0.788879930973053,0.0,1.0,0.0,0.900589644908905,0.847011923789978,0.7583428025245667,B,0.7266131043434143,1,0.12321945279836655,-0.01456216536462307
0.7937394976615906,0.30205562710762024,0.7269469499588013,0.4800019860267639,0.8074869513511658,1.0,0.0,0.0,0.349079966545105,0.05086217075586319,0.5207231044769287,A,0.4167806804180145,1,0.06190856918692589,-0.004348271526396275
0.7637510299682617,0.2750050723552704,0.8041826486587524,0.5493763089179993,0.7375186085700989,0.0,1.0,0.0,0.6295789480209351,0.7119799256324768,0.8665816783905029,B,0.646340548992157,0,0.1360756903886795,-0.021796168759465218
0.8469750285148621,0.2868790626525879,0.83919358253479,0.6070021986961365,0.7553547620773315,0.0,1.0,0.0,0.31624361872673035,0.7430852055549622,0.5704697370529175,B,0.7118691205978394,1,0.11480629444122314,-0.018501674756407738
0.8418025970458984,0.2284068465232849,0.7146114706993103,0.46423977613449097,0.7281339764595032,0.0,0.0,1.0,0.720740795135498,0.35731053352355957,0.3322480618953705,C,0.5592516660690308,1,0.10953409224748611,-0.021070633083581924
0.7311204075813293,0.31342262029647827,0.7586219310760498,0.4319778084754944,0.7686049938201904,1.0,0.0,0.0,0.18167361617088318,0.25665512681007385,0.11966907232999802,A,0.3316822350025177,0,0.04096830263733864,0.005604746751487255
0.8361619114875793,0.21228758990764618,0.7418417930603027,0.40917494893074036,0.8045788407325745,0.0,0.0,1.0,0.6598538756370544,0.31593772768974304,0.7661995887756348,C,0.6608659625053406,0,0.06287924200296402,-0.01538780052214861
0.8137301802635193,0.2933988571166992,0.6723695993423462,0.41390737891197205,0.6831033825874329,1.0,0.0,0.0,0.07986241579055786,0.1008828654885292,0.2512514591217041,A,0.35842013359069824,0,0.008552199229598045,0.01017315685749054
0.8212819695472717,0.2515271306037903,0.8098404407501221,0.49866190552711487,0.7573537230491638,0.0,1.0,0.0,0.9629915952682495,0.8208317160606384,0.5838099122047424,B,0.7531728744506836,1,0.13860368728637695,-0.02369496412575245
0.8381068706512451,0.19582794606685638,0.7712573409080505,0.5606076121330261,0.7559472918510437,0.0,1.0,0.0,0.657965898513794,0.8697013258934021,0.6409931778907776,B,0.6276218891143799,0,0.09979450702667236,-0.016167152673006058
0.8428704142570496,0.18881922960281372,0.7316412925720215,0.3855711817741394,0.7466457486152649,1.0,0.0,0.0,0.23440729081630707,0.28690850734710693,0.08667150884866714,A,0.37426620721817017,1,0.03592332825064659,0.00703221932053566
0.7844746112823486,0.29679349064826965,0.7839841842651367,0.4999009072780609,0.7435131669044495,1.0,0.0,0.0,0.593756914138794,0.07018862664699554,0.5337170362472534,A,0.4681982100009918,1,0.04718365520238876,-0.005212950054556131
0.7767742872238159,0.22379335761070251,0.7547466158866882,0.5045164823532104,0.8478885293006897,0.0,1.0,0.0,0.7354028224945068,0.7212674021720886,0.7524040341377258,B,0.7278066873550415,1,0.13727107644081116,-0.01878954842686653
0.8430635333061218,0.19402851164340973,0.7942260503768921,0.4391593635082245,0.7619563341140747,0.0,0.0,1.0,0.8411510586738586,0.28368890285491943,0.7975897789001465,C,0.5499765276908875,0,0.09430895000696182,-0.03137156739830971
0.8417679667472839,0.2570182979106903,0.7904925346374512,0.49939480423927307,0.7553508281707764,0.0,1.0,0.0,0.5048570036888123,0.8013245463371277,0.7077060341835022,B,0.6579328179359436,1,0.1150931715965271,-0.018251914530992508
0.8363256454467773,0.16623474657535553,0.7450641989707947,0.38672083616256714,0.747596263885498,0.0,0.0,1.0,0.5191320180892944,0.24939149618148804,0.5371018648147583,C,0.6270204186439514,0,0.10212645679712296,-0.0289769247174263
0.8456428647041321,0.20158936083316803,0.7197574973106384,0.38110753893852234,0.6766344308853149,0.0,0.0,1.0,0.5265334844589233,0.23151835799217224,0.5546525120735168,C,0.5668926239013672,1,0.08465787768363953,-0.038707442581653595
0.890127956867218,0.1460655927658081,0.800910234451294,0.62583327293396,0.7835692763328552,0.0,1.0,0.0,0.6178764700889587,0.8301909565925598,0.8475729823112488,B,0.7813954949378967,1,0.08426423370838165,-0.03766150772571564
0.7933091521263123,0.19043119251728058,0.7542054057121277,0.4334680140018463,0.7399675846099854,0.0,0.0,1.0,0.4575595259666443,0.4649122953414917,0.3398146331310272,C,0.5391322374343872,1,0.06282320618629456,0.001678546890616417
0.752174973487854,0.2742719352245331,0.775746762752533,0.44314146041870117,0.6672080755233765,1.0,0.0,0.0,0.05466995760798454,0.2046017348766327,0.4920945167541504,A,0.4144190847873688,1,0.019195454195141792,0.0029649250209331512
0.835450291633606,0.2698553800582886,0.690294623374939,0.4664776623249054,0.7383412718772888,1.0,0.0,0.0,0.026748405769467354,0.20490513741970062,0.5381016135215759,A,0.45707544684410095,0,0.04374326765537262,-0.0032521625980734825
0.7402958869934082,0.2662583589553833,0.7603679895401001,0.5565214157104492,0.7030945420265198,0.0,0.0,1.0,0.7130119800567627,0.675605297088623,0.7796862721443176,C,0.5929964780807495,0,0.11220491677522659,-0.021333880722522736
0.750971257686615,0.20302143692970276,0.7212827801704407,0.5112146139144897,0.7336711883544922,0.0,0.0,1.0,0.3416801393032074,0.2626972496509552,0.7037273645401001,C,0.5718246698379517,1,0.07657694816589355,0.0013364031910896301
0.8227017521858215,0.31593233346939087,0.7277844548225403,0.4594673216342926,0.768333375453949,1.0,0.0,0.0,0.1999204158782959,0.15931902825832367,0.25968390703201294,A,0.390539288520813,1,-0.008317962288856506,-0.0008936261292546988
0.7526274919509888,0.29774174094200134,0.8012877702713013,0.5685128569602966,0.831929624080658,0.0,1.0,0.0,0.6378049850463867,0.7828989624977112,0.6354159116744995,B,0.6962393522262573,1,0.12706534564495087,-0.020610691979527473
0.8227680325508118,0.3078238368034363,0.7904431223869324,0.6354799866676331,0.7173252105712891,0.0,1.0,0.0,0.5171752572059631,0.5745546817779541,0.575766921043396,B,0.6238616108894348,1,0.12073846161365509,-0.002309202216565609
0.7689388394355774,0.24341368675231934,0.7488687038421631,0.37194040417671204,0.7743580341339111,0.0,0.0,1.0,0.3130013942718506,0.20337539911270142,0.9782325029373169,C,0.6347402334213257,1,0.10810146480798721,-0.028716078028082848
0.855469286441803,0.16689062118530273,0.8438695669174194,0.5486924648284912,0.7390663623809814,0.0,1.0,0.0,0.8061931729316711,0.9809044003486633,0.6921131014823914,B,0.7768367528915405,1,0.14762592315673828,-0.014837103895843029
0.7406322956085205,0.29178541898727417,0.8033475279808044,0.5269204378128052,0.8152176141738892,0.0,1.0,0.0,0.710273265838623,0.9073070287704468,0.5770843029022217,B,0.7476815581321716,1,0.13987267017364502,-0.022499412298202515
0.775865375995636,0.2504531443119049,0.8431467413902283,0.4705221951007843,0.755813479423523,0.0,1.0,0.0,0.816827654838562,0.713661789894104,0.2961968779563904,B,0.7534055709838867,1,0.11207704991102219,-0.008565960451960564
0.8257715106010437,0.20232000946998596,0.7504493594169617,0.6342864632606506,0.6833718419075012,0.0,1.0,0.0,0.48750558495521545,0.8895037174224854,0.6262330412864685,B,0.6560053825378418,1,0.09173104166984558,-0.010655179619789124
0.7441576719284058,0.21698349714279175,0.846828818321228,0.5846697092056274,0.8338263630867004,0.0,1.0,0.0,0.4255901277065277,0.89357590675354,0.5667654871940613,B,0.6898215413093567,1,0.09808200597763062,-0.01924060471355915
0.8382056951522827,0.21334612369537354,0.7119974493980408,0.5474382638931274,0.7175207138061523,0.0,0.0,1.0,0.2699114978313446,0.3249174654483795,0.8442462086677551,C,0.4914511442184448,1,0.07779726386070251,-0.016881415620446205
0.7493053078651428,0.19952863454818726,0.7903319597244263,0.5015884637832642,0.7031448483467102,0.0,1.0,0.0,0.8555009365081787,0.5021337270736694,0.4531663656234741,B,0.6624025702476501,1,0.11304929852485657,-0.017957117408514023
0.7268322706222534,0.23182106018066406,0.7773838639259338,0.4612429738044739,0.6811891794204712,1.0,0.0,0.0,0.36317169666290283,0.07349992543458939,0.20668263733386993,A,0.4016443192958832,1,0.05700302496552467,-0.008978450670838356
0.8084059357643127,0.23390300571918488,0.782599687576294,0.48210790753364563,0.6853759288787842,1.0,0.0,0.0,0.3219584822654724,0.07632208615541458,0.15248316526412964,A,0.33225974440574646,0,0.04062171280384064,-0.004665083717554808
0.8203047513961792,0.2680763602256775,0.770800769329071,0.38224849104881287,0.7600152492523193,0.0,0.0,1.0,0.27064549922943115,0.21933534741401672,0.6702151894569397,C,0.5586675405502319,1,0.0806228294968605,-0.014117691665887833
0.8713996410369873,0.3183158040046692,0.7943930625915527,0.4456845223903656,0.7202354073524475,0.0,0.0,1.0,0.6218740344047546,0.5685584545135498,0.8320878148078918,C,0.5684560537338257,1,0.09603128582239151,-0.030879784375429153
0.7851195335388184,0.22415302693843842,0.7680048942565918,0.547694742679596,0.7542564868927002,1.0,0.0,0.0,0.3227694034576416,0.3425205647945404,0.45765161514282227,A,0.3478461503982544,0,0.05325029417872429,-0.01449134573340416
0.7639568448066711,0.2277894765138626,0.675624668598175,0.38821080327033997,0.7009628415107727,1.0,0.0,0.0,0.3617904484272003,0.14502926170825958,0.43479418754577637,A,0.31838157773017883,0,0.04967004060745239,-0.010083414614200592
0.852068305015564,0.19514277577400208,0.7874753475189209,0.5174129605293274,0.7504141330718994,0.0,1.0,0.0,0.7016366124153137,0.9738435745239258,0.8590344786643982,B,0.7121922969818115,1,0.1351039707660675,-0.009717519395053387
0.7957885265350342,0.23566950857639313,0.7452642321586609,0.3928033113479614,0.7597383856773376,1.0,0.0,0.0,0.17278248071670532,0.06920115649700165,0.36052271723747253,A,0.37194862961769104,0,0.010440565645694733,-0.012452187016606331
0.7875508069992065,0.2800843119621277,0.7333083152770996,0.5022132396697998,0.780529260635376,0.0,0.0,1.0,0.885337769985199,0.4068213701248169,0.7705250978469849,C,0.5966614484786987,0,0.08961945027112961,-0.02210571989417076
0.7759320735931396,0.28280025720596313,0.6702893376350403,0.4653856158256531,0.6934937238693237,1.0,0.0,0.0,0.022887220606207848,0.20346923172473907,0.48481282591819763,A,0.4608208239078522,0,0.04524752497673035,-0.0013177352957427502
0.8297731876373291,0.3270080089569092,0.676425576210022,0.5320900082588196,0.7466253042221069,1.0,0.0,0.0,0.4005223512649536,0.34667909145355225,0.45501604676246643,A,0.4450179636478424,0,0.023853985592722893,-0.014770770445466042
0.8486720323562622,0.17074374854564667,0.7874929904937744,0.5013742446899414,0.782723069190979,0.0,0.0,1.0,0.45260149240493774,0.341914564371109,0.5643429756164551,C,0.5212001800537109,1,0.09258358925580978,-0.026097184047102928
0.7313280701637268,0.19508786499500275,0.7881034016609192,0.47882139682769775,0.6920647025108337,1.0,0.0,0.0,0.1952780783176422,0.06010331213474274,0.4220159351825714,A,0.3381677567958832,0,0.02722269482910633,-0.011827146634459496
0.7302522659301758,0.2874008119106293,0.7465360164642334,0.4508718252182007,0.6627375483512878,1.0,0.0,0.0,0.09148936718702316,0.11738104373216629,0.2472403198480606,A,0.3706151843070984,0,0.04752364754676819,-0.011006413958966732
0.7536376714706421,0.27854230999946594,0.7036134004592896,0.40785279870033264,0.7886722087860107,1.0,0.0,0.0,0.3588109314441681,0.3409900665283203,0.31595563888549805,A,0.43878746032714844,0,0.07256081700325012,-0.004060379229485989
0.7454115748405457,0.229241743683815,0.7018225193023682,0.46951109170913696,0.734530508518219,1.0,0.0,0.0,0.3921932578086853,0.40492111444473267,0.21068227291107178,A,0.44361796975135803,0,0.06166941672563553,-0.00380992260761559
0.8008366823196411,0.2975710928440094,0.6689801216125488,0.4191996455192566,0.7548118233680725,1.0,0.0,0.0,0.2559759318828583,0.21179138123989105,0.46023112535476685,A,0.42959263920783997,1,0.048566825687885284,-0.0061396160162985325
0.7645823955535889,0.18932722508907318,0.6970744729042053,0.4903281629085541,0.6810138821601868,1.0,0.0,0.0,0.24320292472839355,0.18388155102729797,0.4635361433029175,A,0.35060226917266846,0,0.06482964754104614,-0.025951901450753212
0.7237568497657776,0.22060059010982513,0.7696202397346497,0.4845499098300934,0.6972014307975769,1.0,0.0,0.0,0.2721741497516632,0.053736187517642975,0.08266420662403107,A,0.3857885003089905,0,0.022794904187321663,-0.004847903735935688
0.8071717619895935,0.19188937544822693,0.7507238984107971,0.4225257635116577,0.7257152199745178,1.0,0.0,0.0,0.25613412261009216,0.22465340793132782,0.5457476377487183,A,0.4034494459629059,0,0.09134836494922638,-0.008712811395525932
0.8362234830856323,0.3022712171077728,0.7900347709655762,0.5037344694137573,0.7722306251525879,0.0,1.0,0.0,0.578595757484436,0.8365834951400757,0.9004441499710083,B,0.716974139213562,1,0.11551785469055176,-0.013910433277487755
0.7397022247314453,0.19558332860469818,0.7811083793640137,0.4390607178211212,0.7217372059822083,0.0,0.0,1.0,0.11567478626966476,0.17055325210094452,0.850860595703125,C,0.4983103275299072,0,0.04478992521762848,-0.03506116196513176
0.8191107511520386,0.20174220204353333,0.8130468726158142,0.5655048489570618,0.7570136189460754,0.0,1.0,0.0,0.8507522344589233,0.4832153618335724,0.8454610109329224,B,0.6709433197975159,1,0.12588141858577728,-0.019311562180519104
0.8013588190078735,0.3404228687286377,0.7149999141693115,0.3832646906375885,0.738117516040802,1.0,0.0,0.0,0.245432510972023,0.10914771258831024,0.16425953805446625,A,0.3385249078273773,0,0.06898374110460281,-0.011725254356861115
0.8143922090530396,0.17411619424819946,0.7801846861839294,0.5248658657073975,0.8339067697525024,0.0,1.0,0.0,0.7788822054862976,0.9490444660186768,0.8054693341255188,B,0.7465132474899292,0,0.15578505396842957,-0.029645483940839767
0.800167977809906,0.24381424486637115,0.8125826716423035,0.5073883533477783,0.7401129007339478,0.0,0.0,1.0,0.6133775115013123,0.5289346575737,0.5469973683357239,C,0.5922539830207825,0,0.12550298869609833,-0.015047570690512657
0.8225324749946594,0.20339487493038177,0.6882849931716919,0.43416622281074524,0.6886205077171326,0.0,0.0,1.0,0.11079274117946625,0.09069425612688065,0.9105713963508606,C,0.5067289471626282,0,0.08695456385612488,-0.026560761034488678
0.7622123956680298,0.21349471807479858,0.7455250024795532,0.5041772127151489,0.7728500366210938,1.0,0.0,0.0,0.4811440408229828,0.2730618119239807,0.5606271028518677,A,0.39717644453048706,1,0.05340881273150444,-0.007680533453822136
0.7743910551071167,0.185569629073143,0.7928322553634644,0.4952656924724579,0.7364740967750549,1.0,0.0,0.0,0.1971941888332367,0.0412491075694561,0.30566468834877014,A,0.3781639337539673,0,0.0697890892624855,-0.009625393897294998
0.7347785234451294,0.3307729661464691,0.7037888169288635,0.3805963695049286,0.7119357585906982,1.0,0.0,0.0,0.6892725229263306,0.03793167322874069,0.13601236045360565,A,0.40862902998924255,0,0.05751177668571472,-0.0007772203534841537
0.7396694421768188,0.1862621307373047,0.7662579417228699,0.45605918765068054,0.7587918043136597,1.0,0.0,0.0,0.3924701511859894,0.40441012382507324,0.25511521100997925,A,0.4005686342716217,1,0.026968538761138916,-0.007060348056256771
0.863797128200531,0.2074924260377884,0.8230153322219849,0.5963093638420105,0.7536488175392151,0.0,1.0,0.0,0.6996578574180603,0.8695996999740601,0.663673996925354,B,0.7435827851295471,0,0.09031089395284653,-0.022861678153276443
0.8418983221054077,0.30314570665359497,0.8153318166732788,0.6309484839439392,0.7247337102890015,0.0,1.0,0.0,0.7127728462219238,0.9008817076683044,0.38540521264076233,B,0.6880624890327454,1,0.12307089567184448,-0.013026225380599499
0.8205634355545044,0.16983754932880402,0.7894977927207947,0.46490728855133057,0.7667573094367981,1.0,0.0,0.0,0.37467503547668457,0.14015665650367737,0.1052335724234581,A,0.4171921908855438,1,0.03058953769505024,-0.011138558387756348
0.8435561060905457,0.2129240781068802,0.7984277606010437,0.5982290506362915,0.80497807264328,0.0,1.0,0.0,0.7893915176391602,0.6777094006538391,0.6217526197433472,B,0.7602209448814392,1,0.11517210304737091,-0.024956807494163513
0.7835671305656433,0.21340705454349518,0.8799022436141968,0.5442160367965698,0.7165514230728149,0.0,1.0,0.0,0.4433985650539398,0.9674928188323975,0.6400104761123657,B,0.653037965297699,0,0.11670813709497452,-0.01777140609920025
0.822262167930603,0.2349763810634613,0.6523167490959167,0.48560068011283875,0.6685371398925781,1.0,0.0,0.0,0.2646796703338623,0.08414827287197113,0.43471065163612366,A,0.431068480014801,1,0.023322906345129013,0.004341100342571735
0.8482610583305359,0.26965370774269104,0.7687923312187195,0.4118160903453827,0.7338262796401978,0.0,0.0,1.0,0.12376002967357635,0.37440353631973267,0.33749768137931824,C,0.5375249981880188,1,0.06719408929347992,-0.012586481869220734
0.8408287167549133,0.2300037145614624,0.7243659496307373,0.43005964159965515,0.7441614270210266,1.0,0.0,0.0,0.5522142648696899,0.03135816752910614,0.4549168646335602,A,0.5211871266365051,0,0.07332482188940048,-0.008217597380280495
0.803246021270752,0.2012234330177307,0.7199416160583496,0.5270932912826538,0.7683224081993103,0.0,0.0,1.0,0.3542751669883728,0.09384184330701828,0.6942153573036194,C,0.5582162141799927,0,0.05766306072473526,-0.008176392875611782
0.7526274919509888,0.260419100522995,0.7963192462921143,0.5598423480987549,0.7790605425834656,1.0,0.0,0.0,0.08915501087903976,0.6260884404182434,0.10768654197454453,A,0.3726028501987457,0,0.043988440185785294,-0.009170164354145527
0.7622764110565186,0.19737040996551514,0.6727012991905212,0.4424591362476349,0.7086761593818665,0.0,0.0,1.0,0.815974235534668,0.12375618517398834,0.8096526861190796,C,0.5367939472198486,0,0.07550650835037231,-0.03999999910593033
0.8370262384414673,0.2502909004688263,0.7798433899879456,0.40418896079063416,0.7109724879264832,0.0,0.0,1.0,0.5676673650741577,0.32461637258529663,0.6980569362640381,C,0.6415266990661621,1,0.0934307724237442,-0.01927758939564228
0.7966449856758118,0.1520797461271286,0.6974511742591858,0.39121779799461365,0.7098830342292786,0.0,0.0,1.0,0.17738661170005798,0.2509494423866272,0.9204862117767334,C,0.5708531141281128,0,0.0856032520532608,-0.032641179859638214
0.7750259041786194,0.28949853777885437,0.7083760499954224,0.5332726240158081,0.7614644765853882,0.0,0.0,1.0,0.5584272742271423,0.6228089928627014,0.6950804591178894,C,0.6279779076576233,0,0.0958113893866539,-0.02259051613509655
0.7281845211982727,0.27538055181503296,0.7682034969329834,0.4645571708679199,0.7321718335151672,0.0,0.0,1.0,0.3047289550304413,0.17836885154247284,0.6657028198242188,C,0.5105774998664856,0,0.0789371132850647,-0.01607496105134487
0.8832566142082214,0.2969302535057068,0.8630267977714539,0.4958823323249817,0.7250276207923889,0.0,1.0,0.0,0.6344778537750244,0.6050186157226562,0.6308375597000122,B,0.6762376427650452,1,0.1103643849492073,-0.02614111453294754
0.8264657258987427,0.2701423466205597,0.6906461119651794,0.3975311517715454,0.698337733745575,0.0,0.0,1.0,0.637260377407074,0.18792131543159485,0.9717586040496826,C,0.6188533902168274,0,0.10566946119070053,-0.02544518932700157
0.7823732495307922,0.304771363735199,0.7335607409477234,0.47772252559661865,0.7420969605445862,1.0,0.0,0.0,0.2279096096754074,0.1412699818611145,0.4832870662212372,A,0.3829619288444519,0,0.040763869881629944,-0.007870597764849663
0.8321231603622437,0.26185840368270874,0.7647574543952942,0.5251604914665222,0.7543177604675293,0.0,1.0,0.0,0.5278587937355042,0.7969241142272949,0.3039829730987549,B,0.6774443984031677,0,0.08456474542617798,-0.01900247298181057
0.7652986645698547,0.20214392244815826,0.7892056107521057,0.5970696806907654,0.8301025629043579,0.0,1.0,0.0,0.8859031200408936,0.9446601271629333,0.524712860584259,B,0.7904487252235413,1,0.14319324493408203,-0.02047799900174141
0.7756507992744446,0.28527823090553284,0.7731735706329346,0.5035719275474548,0.7570967078208923,0.0,0.0,1.0,0.4057222008705139,0.4244508445262909,0.8254883289337158,C,0.5582432150840759,0,0.08464008569717407,-0.017717529088258743
0.7551948428153992,0.2355530560016632,0.7916671633720398,0.5687885880470276,0.7288463115692139,0.0,1.0,0.0,0.7040795683860779,0.748610258102417,0.6129634976387024,B,0.6600950360298157,1,0.11061171442270279,-0.014255385845899582
0.7708958983421326,0.25343650579452515,0.8077831268310547,0.5073162913322449,0.70391845703125,0.0,1.0,0.0,0.660451352596283,0.8235118389129639,0.6597203016281128,B,0.6890763640403748,0,0.09382911771535873,-0.018021687865257263
0.7509412169456482,0.26310014724731445,0.8094363808631897,0.5734418034553528,0.7140750885009766,0.0,1.0,0.0,0.7696590423583984,0.9573473930358887,0.9153804183006287,B,0.7415910363197327,0,0.12866979837417603,-0.016255099326372147
0.715936541557312,0.22021187841892242,0.7438146471977234,0.38286101818084717,0.7316089272499084,1.0,0.0,0.0,0.3031521737575531,0.10419459640979767,0.20008714497089386,A,0.3600699305534363,0,0.037593018263578415,-0.010709482245147228
0.7943525314331055,0.24066808819770813,0.6449776291847229,0.44536522030830383,0.7790715098381042,1.0,0.0,0.0,0.3066279888153076,0.1695895791053772,0.30921468138694763,A,0.3727566599845886,0,0.04868694767355919,0.0004903161898255348
0.8616799116134644,0.2593596875667572,0.7927951812744141,0.6065356731414795,0.7318710088729858,0.0,1.0,0.0,0.8246845006942749,0.9377586841583252,0.4343412518501282,B,0.7203466296195984,1,0.14633654057979584,-0.01667245849967003
0.8547130227088928,0.20459866523742676,0.7569714188575745,0.49659138917922974,0.7992307543754578,0.0,1.0,0.0,0.9923740029335022,0.4941306710243225,0.5763158202171326,B,0.6746104955673218,1,0.13249100744724274,-0.023286122828722
0.8182578682899475,0.2959059774875641,0.6805626749992371,0.5085402131080627,0.7669427990913391,1.0,0.0,0.0,0.23660817742347717,0.1271454095840454,0.12298697233200073,A,0.405294805765152,0,0.021268298849463463,-0.0005984567105770111
0.7825831174850464,0.1935855895280838,0.7452552318572998,0.5843868255615234,0.7623697519302368,0.0,1.0,0.0,0.6383957862854004,0.8809972405433655,0.7135909795761108,B,0.6768987774848938,1,0.09956724941730499,-0.016620473936200142
0.7644587159156799,0.175442636013031,0.8059095144271851,0.5494637489318848,0.7330272793769836,0.0,1.0,0.0,0.6542296409606934,0.6348678469657898,0.7738651633262634,B,0.6353791952133179,0,0.13327646255493164,-0.027981458231806755
0.7991819977760315,0.3081682324409485,0.70756995677948,0.480307012796402,0.7186480760574341,1.0,0.0,0.0,0.14771389961242676,0.26605045795440674,0.2652183473110199,A,0.34753283858299255,1,0.01342426985502243,-0.007607887499034405
0.8013714551925659,0.26112988591194153,0.8546347618103027,0.5445075631141663,0.8304005861282349,0.0,1.0,0.0,0.7483342885971069,0.6315404176712036,0.4771811068058014,B,0.7337947487831116,1,0.1181328073143959,-0.01313474215567112
0.8079036474227905,0.15861444175243378,0.725297212600708,0.41805991530418396,0.6570375561714172,0.0,0.0,1.0,0.5555413365364075,0.08711671829223633,0.917094886302948,C,0.5115055441856384,1,0.09299669414758682,-0.029559720307588577
0.7522618770599365,0.21002203226089478,0.7413665652275085,0.3875075876712799,0.7006624937057495,1.0,0.0,0.0,0.2198600471019745,0.08311554789543152,0.4149011969566345,A,0.34859684109687805,0,0.033785223960876465,-0.013335850089788437
0.8297452926635742,0.2527472972869873,0.7199671864509583,0.5407747626304626,0.7742131948471069,0.0,0.0,1.0,0.3803023099899292,0.5590762495994568,0.9065285921096802,C,0.5299948453903198,1,0.07334940880537033,-0.018003756180405617
0.8210106492042542,0.1507139503955841,0.7865261435508728,0.49756181240081787,0.6697614192962646,0.0,0.0,1.0,0.40650394558906555,0.381243497133255,0.8859153985977173,C,0.6732867360115051,0,0.09570622444152832,-0.02964804135262966
0.7928329706192017,0.2845064401626587,0.8330278992652893,0.4809510409832001,0.8442156314849854,0.0,1.0,0.0,0.6592365503311157,0.7090989351272583,0.7372995615005493,B,0.6844703555107117,1,0.08870085328817368,-0.00810302421450615
0.7877236008644104,0.27423402667045593,0.7949435710906982,0.48028963804244995,0.7305999398231506,1.0,0.0,0.0,0.15874478220939636,0.11854931712150574,0.5395158529281616,A,0.43024158477783203,1,0.03530477359890938,-0.010093300603330135
0.8623855113983154,0.26531559228897095,0.7974936962127686,0.49001431465148926,0.7881737947463989,0.0,1.0,0.0,0.7690113186836243,0.8134137392044067,0.4655190408229828,B,0.6888467073440552,1,0.09081651270389557,-0.031323522329330444
0.7576960921287537,0.20083552598953247,0.8190064430236816,0.48880070447921753,0.8018433451652527,0.0,0.0,1.0,0.6827335357666016,0.5785014033317566,0.8842402696609497,C,0.7175608277320862,0,0.09428207576274872,-0.026028381660580635
0.8648212552070618,0.22512230277061462,0.8653932809829712,0.5442562103271484,0.80561363697052,0.0,1.0,0.0,0.8028230667114258,0.5970901250839233,0.7106572389602661,B,0.7468257546424866,1,0.06787073612213135,-0.018043946474790573
0.7833940386772156,0.18935127556324005,0.7673298716545105,0.5302660465240479,0.7448176145553589,0.0,0.0,1.0,0.4038355350494385,0.21112997829914093,0.9079613089561462,C,0.6547656059265137,0,0.09432345628738403,-0.024961818009614944
0.8757968544960022,0.24438831210136414,0.7857484221458435,0.5812461972236633,0.7600383758544922,0.0,1.0,0.0,0.6458956003189087,0.34275490045547485,0.9026151895523071,B,0.7373117208480835,0,0.10442829132080078,-0.02501189336180687
0.7788500785827637,0.2599863111972809,0.8384560346603394,0.6356285810470581,0.7673071622848511,0.0,1.0,0.0,0.7421324253082275,0.9090545773506165,0.6665907502174377,B,0.7377288937568665,1,0.1307796984910965,-0.01009680051356554
0.7850038409233093,0.23884724080562592,0.73689204454422,0.5236184000968933,0.804149866104126,1.0,0.0,0.0,0.3241153359413147,0.07825791835784912,0.5897753834724426,A,0.4539489448070526,1,0.03898986801505089,-0.009694528765976429
0.8197870254516602,0.19536112248897552,0.7012653350830078,0.44243931770324707,0.6732666492462158,0.0,0.0,1.0,0.4990331828594208,0.3398171663284302,0.7542009353637695,C,0.5402953028678894,1,0.08314498513936996,-0.0195466261357069
0.8258329629898071,0.24035973846912384,0.6964548230171204,0.45686548948287964,0.7597401738166809,1.0,0.0,0.0,0.24768835306167603,0.025137297809123993,0.4056050479412079,A,0.41928020119667053,0,0.06966906040906906,-0.010696010664105415
0.7994424700737,0.2840687334537506,0.8039029240608215,0.3850790560245514,0.6688295006752014,0.0,0.0,1.0,0.4623875319957733,0.30497416853904724,0.6893237829208374,C,0.5372219681739807,1,0.08561509847640991,-0.006907281465828419
0.8086544275283813,0.23648899793624878,0.697722852230072,0.4038164019584656,0.736539900302887,0.0,0.0,1.0,0.2707787752151489,0.24897576868534088,0.49945470690727234,C,0.4563807249069214,0,0.08424977958202362,-0.0174731258302927
0.7950578927993774,0.2764754593372345,0.6872351765632629,0.35268595814704895,0.7140597105026245,1.0,0.0,0.0,0.12113050371408463,0.10894075036048889,0.6488938331604004,A,0.3757026791572571,0,0.02794155478477478,-0.016216862946748734
0.7474936842918396,0.24604524672031403,0.7714474201202393,0.606173574924469,0.7277415990829468,0.0,1.0,0.0,0.6795960664749146,0.8225637674331665,0.737599790096283,B,0.758651614189148,1,0.10223296284675598,-0.019159454852342606
0.725120484828949,0.23825792968273163,0.6963354349136353,0.5261794328689575,0.7579419612884521,1.0,0.0,0.0,0.1378779262304306,0.06964454799890518,0.20082169771194458,A,0.3896167278289795,1,0.0360427051782608,0.004806053824722767
0.7977523803710938,0.24038437008857727,0.7328218817710876,0.528538167476654,0.7141479849815369,0.0,0.0,1.0,0.2803221046924591,0.8077239990234375,0.718519389629364,C,0.647682249546051,1,0.1186918169260025,-0.03547162562608719
0.8288893103599548,0.28029268980026245,0.7240331768989563,0.4287591278553009,0.7841736674308777,1.0,0.0,0.0,0.4165346026420593,0.04042917117476463,0.7308266758918762,A,0.38496169447898865,0,0.0670161172747612,-0.00346175255253911
0.726917028427124,0.21116258203983307,0.7610151767730713,0.41293346881866455,0.7970592975616455,0.0,0.0,1.0,0.1731729656457901,0.3607466518878937,0.4287767708301544,C,0.5679712891578674,0,0.076301708817482,-0.012559750117361546
0.7317933440208435,0.22429907321929932,0.6946452856063843,0.48532697558403015,0.6442952156066895,1.0,0.0,0.0,0.04102975130081177,0.21711868047714233,0.6351374983787537,A,0.3578084111213684,1,0.06214185059070587,-0.012572785839438438
0.7317768931388855,0.25465795397758484,0.6843457221984863,0.508863627910614,0.7293851375579834,0.0,0.0,1.0,0.3610835075378418,0.20133426785469055,0.8908184170722961,C,0.565848708152771,1,0.09138324111700058,-0.021125830709934235
0.7309949398040771,0.24585050344467163,0.7569296360015869,0.4074188470840454,0.7668444514274597,0.0,0.0,1.0,0.4696390926837921,0.21373239159584045,0.44214412569999695,C,0.4964231550693512,1,0.08032327145338058,-0.00630450714379549
0.8315261602401733,0.22603729367256165,0.8614106178283691,0.5139616131782532,0.7716977596282959,0.0,1.0,0.0,0.599693238735199,0.7805920839309692,0.39841464161872864,B,0.6844241619110107,1,0.0828649029135704,-0.012852068990468979
0.8080831170082092,0.2785138487815857,0.7176589369773865,0.5529464483261108,0.7174025774002075,0.0,0.0,1.0,0.2969334125518799,0.628399133682251,0.6261289119720459,C,0.47050103545188904,1,0.07249089330434799,-0.012460184283554554
0.789604663848877,0.2951499819755554,0.7154285311698914,0.4305615723133087,0.6833827495574951,0.0,0.0,1.0,0.4416913688182831,0.277430921792984,0.8834502696990967,C,0.5668284296989441,0,0.09262192249298096,-0.009658871218562126
0.7710008025169373,0.1738494336605072,0.7797732949256897,0.4147185683250427,0.6903576254844666,0.0,0.0,1.0,0.6736445426940918,0.06201445311307907,0.5500562787055969,C,0.49936315417289734,0,0.0992811918258667,-0.02514071762561798
0.7813869714736938,0.2658749222755432,0.7573026418685913,0.49172553420066833,0.8194978833198547,1.0,0.0,0.0,0.6454592347145081,0.14959990978240967,0.144401416182518,A,0.3443419635295868,1,0.04302375018596649,0.019999999552965164
0.7601373791694641,0.2714773118495941,0.7545090317726135,0.558081865310669,0.7222272753715515,0.0,1.0,0.0,0.6353514194488525,0.8261130452156067,0.8164600133895874,B,0.6491948962211609,1,0.1354210376739502,-0.019663719460368156
0.8282347917556763,0.25267353653907776,0.751154363155365,0.4828318655490875,0.7414957284927368,1.0,0.0,0.0,0.8195880055427551,0.007280312012881041,0.16413308680057526,A,0.3759048283100128,1,0.05655646696686745,-0.004763604141771793
0.8771176338195801,0.23281313478946686,0.8169012665748596,0.5734145045280457,0.8140105605125427,0.0,1.0,0.0,0.7774035930633545,0.5756359696388245,0.406597763299942,B,0.6968441605567932,0,0.08767223358154297,-0.012473812326788902
0.7904179692268372,0.2592815160751343,0.674893319606781,0.4779493510723114,0.7203634977340698,1.0,0.0,0.0,0.5304985642433167,0.1515270471572876,0.5332419276237488,A,0.47804775834083557,0,0.046346504241228104,0.0016550030559301376
0.8354454636573792,0.2135750651359558,0.7877335548400879,0.5405686497688293,0.7415395975112915,0.0,1.0,0.0,0.6120331287384033,0.9632585048675537,0.3972492218017578,B,0.6987078189849854,0,0.13639836013317108,-0.023368844762444496
0.8020082116127014,0.18151120841503143,0.7729024887084961,0.5641695857048035,0.7086464762687683,0.0,1.0,0.0,0.7229064106941223,0.9327716827392578,0.6160102486610413,B,0.7797979712486267,1,0.13197121024131775,-0.021760940551757812
0.8599936366081238,0.20255862176418304,0.8053069114685059,0.524240255355835,0.7794320583343506,0.0,1.0,0.0,0.7831247448921204,0.9127788543701172,0.24567949771881104,B,0.7120043039321899,1,0.10878876596689224,-0.008691680617630482
0.8488291501998901,0.17477452754974365,0.809153139591217,0.5020067691802979,0.7651164531707764,0.0,1.0,0.0,0.7316892147064209,0.8343828916549683,0.6021937131881714,B,0.8211120367050171,1,0.14862850308418274,-0.015295237302780151
0.8112595081329346,0.14506730437278748,0.7677602767944336,0.4447297155857086,0.8076869249343872,0.0,0.0,1.0,0.4629512429237366,0.32969969511032104,0.8724498152732849,C,0.5418689846992493,0,0.09082794934511185,-0.011744099669158459
0.8164926767349243,0.19996152818202972,0.7937333583831787,0.4938652217388153,0.7384943962097168,0.0,0.0,1.0,0.8164631724357605,0.4324370324611664,0.7896097302436829,C,0.5983365774154663,1,0.10753317177295685,-0.021347124129533768
0.7604790329933167,0.2544083893299103,0.746804416179657,0.49341070652008057,0.7523291707038879,0.0,1.0,0.0,0.8512604832649231,0.7337079048156738,0.4123121500015259,B,0.706069827079773,1,0.11555592715740204,-0.020150406286120415
0.7644361257553101,0.26118233799934387,0.8119110465049744,0.5262053608894348,0.843229353427887,0.0,1.0,0.0,0.90794837474823,0.9391900897026062,0.6473180055618286,B,0.7433869242668152,1,0.12745040655136108,-0.018006177619099617
0.8656060695648193,0.26084691286087036,0.8228232860565186,0.5191143155097961,0.7127469778060913,0.0,0.0,1.0,0.8110397458076477,0.44176462292671204,0.9020148515701294,C,0.6403380632400513,0,0.11388347297906876,-0.02263256162405014
0.7908154129981995,0.32568028569221497,0.7588098645210266,0.5006970167160034,0.7185074687004089,1.0,0.0,0.0,0.07064925134181976,0.26307615637779236,0.3276870846748352,A,0.40488365292549133,0,0.05132897198200226,0.0015042196027934551
0.812916100025177,0.24043209850788116,0.7678791880607605,0.5140009522438049,0.6493025422096252,1.0,0.0,0.0,0.3438794016838074,0.19871878623962402,0.7215157151222229,A,0.3809795081615448,1,0.0331113375723362,-0.0182284414768219
0.8042891621589661,0.2493286430835724,0.8033930063247681,0.4076187312602997,0.6680324673652649,1.0,0.0,0.0,0.13384613394737244,0.10491148382425308,0.16646133363246918,A,0.4335804581642151,0,0.024579234421253204,0.0022599976509809494
0.83097904920578,0.21575604379177094,0.8341362476348877,0.5263491868972778,0.8357621431350708,0.0,1.0,0.0,0.7465718984603882,0.9452458620071411,0.8535971641540527,B,0.749332845211029,1,0.11509881913661957,-0.02936941757798195
0.7675139904022217,0.24701125919818878,0.7905735969543457,0.5363121032714844,0.8571589589118958,0.0,1.0,0.0,0.8165895342826843,0.7906563878059387,0.7102415561676025,B,0.7792717814445496,1,0.1356690526008606,-0.014615513384342194
0.7908028960227966,0.2231331616640091,0.760238766670227,0.4406135678291321,0.7508158683776855,0.0,0.0,1.0,0.5147573351860046,0.22974197566509247,0.8058106899261475,C,0.5546782612800598,0,0.08838040381669998,-0.01921914331614971
0.7823177576065063,0.19924740493297577,0.716285228729248,0.4657965302467346,0.6843888163566589,0.0,0.0,1.0,0.2876651883125305,0.6249108910560608,0.7798952460289001,C,0.5904742479324341,0,0.07971728593111038,-0.02324734628200531
0.6913501620292664,0.15138272941112518,0.670727550983429,0.42640456557273865,0.7270160913467407,1.0,0.0,0.0,0.20630736649036407,0.0696735829114914,0.5051758289337158,A,0.4655042290687561,1,0.08961386233568192,-0.006936593912541866
0.7358375787734985,0.2170727550983429,0.6754745841026306,0.4150983393192291,0.6689437031745911,0.0,0.0,1.0,0.7498288154602051,0.2758973240852356,0.7789063453674316,C,0.6045040488243103,1,0.07790197432041168,-0.02007409557700157
0.7996582388877869,0.20326709747314453,0.711799681186676,0.4191049635410309,0.7194659113883972,0.0,0.0,1.0,0.6703429818153381,0.3131089210510254,0.8951943516731262,C,0.6735221147537231,1,0.1234385222196579,-0.03963568061590195
0.8125814199447632,0.271268755197525,0.8068132400512695,0.4169004559516907,0.7298458814620972,1.0,0.0,0.0,0.5534148216247559,0.1665983498096466,0.10290394723415375,A,0.35504150390625,1,0.04785294085741043,0.001395680010318756
0.8414725661277771,0.22165820002555847,0.8389624953269958,0.5798773765563965,0.780968964099884,0.0,1.0,0.0,0.4157215356826782,0.6761757135391235,0.6626602411270142,B,0.6975481510162354,1,0.09379661828279495,-0.017477847635746002
0.7441695332527161,0.22796548902988434,0.7126627564430237,0.4374816417694092,0.6916036605834961,1.0,0.0,0.0,0.5054367184638977,0.3216613829135895,0.5399497747421265,A,0.3214907944202423,0,0.05483192205429077,-0.012709123082458973
0.7056563496589661,0.2138076275587082,0.6894344687461853,0.47975438833236694,0.7310594916343689,1.0,0.0,0.0,0.11056748777627945,0.15185722708702087,0.37333738803863525,A,0.3863038122653961,0,0.06060066074132919,-0.010131480172276497
0.7301202416419983,0.2905479371547699,0.7356227040290833,0.48079127073287964,0.7568820714950562,1.0,0.0,0.0,0.2277432531118393,0.34952640533447266,0.30783453583717346,A,0.4142484962940216,1,0.056097302585840225,-0.004539531655609608
0.8227084875106812,0.30446261167526245,0.7230570316314697,0.42839744687080383,0.7155329585075378,0.0,0.0,1.0,0.4811646044254303,0.3870066702365875,0.8317211866378784,C,0.5695130825042725,0,0.10027304291725159,-0.008400507271289825
0.8353001475334167,0.19903117418289185,0.8492423892021179,0.5031379461288452,0.7301503419876099,0.0,1.0,0.0,0.9734799861907959,0.5665717720985413,0.8739158511161804,B,0.6646307706832886,1,0.1292211264371872,-0.016747621819376945
0.803265392780304,0.3019145131111145,0.8537539839744568,0.4955641031265259,0.7850346565246582,0.0,1.0,0.0,0.783388078212738,0.9046773910522461,0.27592042088508606,B,0.6939117908477783,0,0.13039955496788025,-0.018264159560203552
0.7745378017425537,0.268792062997818,0.7472403049468994,0.38853198289871216,0.6586429476737976,0.0,0.0,1.0,0.08733518421649933,0.12266412377357483,0.8064501285552979,C,0.4593440294265747,0,0.05199076980352402,-0.00931649561971426
0.8767496943473816,0.23941050469875336,0.7696632742881775,0.4774779677391052,0.7093102931976318,0.0,1.0,0.0,0.7900903224945068,0.6497482061386108,0.7676095962524414,B,0.6956297755241394,1,0.135127454996109,-0.016424495726823807
0.7421160936355591,0.2725749611854553,0.6827642917633057,0.4241611957550049,0.6890376806259155,0.0,0.0,1.0,0.3979368507862091,0.28815171122550964,0.6793671250343323,C,0.5136327147483826,1,0.09378784149885178,-0.012607617303729057
0.8181789517402649,0.23138102889060974,0.7470843195915222,0.4539192020893097,0.8040338754653931,0.0,0.0,1.0,0.46603429317474365,0.41948428750038147,0.6959137320518494,C,0.5885738730430603,1,0.06960314512252808,-0.00957618560642004
0.7572076916694641,0.25092658400535583,0.7409946918487549,0.5741203427314758,0.7818039655685425,0.0,1.0,0.0,0.8308309316635132,0.7234621644020081,0.3855006694793701,B,0.7468634247779846,1,0.15559238195419312,-0.010632941499352455
0.8504597544670105,0.24420137703418732,0.7814031839370728,0.4567660391330719,0.8022242188453674,0.0,1.0,0.0,0.6650435328483582,0.5350707769393921,0.2630450129508972,B,0.7423718571662903,0,0.108671635389328,-0.011977165937423706
0.8113774061203003,0.22846120595932007,0.7068332433700562,0.46426159143447876,0.7780880928039551,0.0,0.0,1.0,0.22869299352169037,0.46540480852127075,0.9850220680236816,C,0.5616008043289185,1,0.09824725240468979,-0.01658971980214119
0.8247137069702148,0.3019387722015381,0.7513593435287476,0.5245962738990784,0.6618207693099976,0.0,0.0,1.0,0.21344247460365295,0.7744455337524414,0.8368149995803833,C,0.4846689701080322,1,0.07936358451843262,-0.028937896713614464
0.8320622444152832,0.2664160132408142,0.7287034392356873,0.5105334520339966,0.700316309928894,0.0,0.0,1.0,0.305614173412323,0.3541905879974365,0.8363366723060608,C,0.5136363506317139,1,0.07262023538351059,-0.02160973846912384
0.7703427076339722,0.33232101798057556,0.8084143996238708,0.5383793115615845,0.7554651498794556,1.0,0.0,0.0,0.5091642141342163,0.5898846387863159,0.05153385549783707,A,0.45679599046707153,0,0.03508205711841583,-0.0042867050506174564
0.7713659405708313,0.27801427245140076,0.7569659948348999,0.5404058694839478,0.7354137897491455,0.0,0.0,1.0,0.22357764840126038,0.5273785591125488,0.638945460319519,C,0.5742573738098145,1,0.10350345820188522,-0.01128663681447506
0.8225781321525574,0.29734939336776733,0.7463169097900391,0.6124906539916992,0.7943337559700012,0.0,1.0,0.0,0.6198469996452332,0.7982497811317444,0.6786351203918457,B,0.7297365665435791,1,0.11528825014829636,-0.015551093965768814
0.7188131213188171,0.23813247680664062,0.8186368942260742,0.4810298979282379,0.7197934985160828,1.0,0.0,0.0,0.6760352253913879,0.2528870105743408,0.3158428370952606,A,0.44605785608291626,0,0.07000413537025452,0.00036416854709386826
0.762939453125,0.15353921055793762,0.8014240860939026,0.5303964018821716,0.7873904705047607,0.0,1.0,0.0,0.730468213558197,0.631033718585968,0.5947744250297546,B,0.6913331151008606,1,0.11903203278779984,-0.016376277431845665
0.820391833782196,0.2034766972064972,0.7236774563789368,0.5298543572425842,0.7241330146789551,0.0,0.0,1.0,0.5005163550376892,0.6194615960121155,0.7297413945198059,C,0.6340748071670532,1,0.08079040050506592,-0.03996032476425171
0.7388693690299988,0.2544189691543579,0.7668402791023254,0.3709329664707184,0.6703265309333801,1.0,0.0,0.0,0.38810619711875916,0.23415465652942657,0.3462693691253662,A,0.41031280159950256,0,0.02720571495592594,-0.00813241582363844
0.7854162454605103,0.30580398440361023,0.8169823884963989,0.6018727421760559,0.774203360080719,0.0,1.0,0.0,0.8310127258300781,0.685849130153656,0.7076791524887085,B,0.7003147602081299,1,0.1346110999584198,-0.02712767943739891
0.8150061368942261,0.20813657343387604,0.7732419371604919,0.4868147373199463,0.6981555223464966,0.0,0.0,1.0,0.4800102710723877,0.3762288987636566,0.8327489495277405,C,0.6292306780815125,1,0.10391384363174438,-0.026643924415111542
0.7759447693824768,0.21012036502361298,0.7538620829582214,0.3976493179798126,0.7661173939704895,1.0,0.0,0.0,0.17206358909606934,0.07873783260583878,0.46940943598747253,A,0.3150913715362549,0,0.029974207282066345,0.00499795051291585
0.8229315876960754,0.264525443315506,0.8444677591323853,0.5533417463302612,0.6790067553520203,0.0,1.0,0.0,0.40237924456596375,0.9184519052505493,0.706620454788208,B,0.757342517375946,1,0.10764387995004654,-0.0391152948141098
0.7572028040885925,0.281202495098114,0.7369528412818909,0.5940258502960205,0.846399188041687,0.0,1.0,0.0,0.9225286245346069,0.9853692054748535,0.616014838218689,B,0.7220298051834106,1,0.1045507937669754,-0.01655840314924717
0.7113288640975952,0.31197237968444824,0.7781457304954529,0.4648410379886627,0.7338802814483643,1.0,0.0,0.0,0.36408722400665283,0.039416585117578506,0.34438544511795044,A,0.3589355945587158,1,0.07008281350135803,0.004432551097124815
0.786934494972229,0.28062233328819275,0.8148326873779297,0.4736224114894867,0.7092993259429932,0.0,0.0,1.0,0.7221149206161499,0.6949248313903809,0.7515358924865723,C,0.5900103449821472,0,0.1148996353149414,-0.024529479444026947
0.8379768133163452,0.22524748742580414,0.7732555270195007,0.5414860248565674,0.7384737730026245,0.0,0.0,1.0,0.8532966375350952,0.42959725856781006,0.6763671040534973,C,0.6539737582206726,1,0.07501554489135742,-0.02565009519457817
0.7227456569671631,0.2840338945388794,0.6794689893722534,0.37973642349243164,0.7023196816444397,1.0,0.0,0.0,0.30602937936782837,0.30013638734817505,0.1739935725927353,A,0.32885536551475525,1,0.061322323977947235,-0.0028529937844723463
0.7860535979270935,0.24305441975593567,0.6936030387878418,0.49525901675224304,0.7334128022193909,0.0,0.0,1.0,0.46073785424232483,0.29477497935295105,0.7181735634803772,C,0.5490081310272217,1,0.09884621202945709,-0.020888853818178177
0.7847126722335815,0.17235872149467468,0.7714450359344482,0.5029414296150208,0.7506805062294006,0.0,0.0,1.0,0.7108261585235596,0.5687872171401978,0.7184752225875854,C,0.6113711595535278,1,0.10135065019130707,-0.03640098124742508
0.7839843034744263,0.23677052557468414,0.7709729671478271,0.3888902962207794,0.7776314616203308,1.0,0.0,0.0,0.3241998851299286,0.20858167111873627,0.34885385632514954,A,0.39952921867370605,0,0.07100740075111389,-0.0018118442967534065
0.7667112350463867,0.2878471910953522,0.7506536245346069,0.4730311632156372,0.7477206587791443,0.0,0.0,1.0,0.8502287268638611,0.31578341126441956,0.44409051537513733,C,0.613883376121521,1,0.07104423642158508,-0.018842672929167747
0.8210285305976868,0.2588941752910614,0.7199364304542542,0.4891100525856018,0.6863488554954529,1.0,0.0,0.0,0.4461381435394287,0.06788937002420425,0.3383185565471649,A,0.3563314378261566,0,0.0643138512969017,-0.017616387456655502
0.7680085301399231,0.22261400520801544,0.7114675045013428,0.44051551818847656,0.6708787083625793,0.0,0.0,1.0,0.3503102958202362,0.808843195438385,0.5557107925415039,C,0.635249674320221,0,0.11321480572223663,-0.015207072719931602
0.79879230260849,0.18528078496456146,0.8401972055435181,0.6408402919769287,0.7715734243392944,0.0,1.0,0.0,0.7586790919303894,0.6246103644371033,0.7719823122024536,B,0.6667263507843018,1,0.11101751774549484,-0.027816306799650192
0.7756558656692505,0.30109480023384094,0.8157644867897034,0.6503575444221497,0.7572607398033142,0.0,1.0,0.0,0.5161426663398743,0.8382171988487244,0.5122032761573792,B,0.7458361387252808,0,0.14056208729743958,-0.016707975417375565
0.7188614010810852,0.2562430202960968,0.707044780254364,0.3821842670440674,0.6666612029075623,1.0,0.0,0.0,0.33432039618492126,0.14538805186748505,0.5388463735580444,A,0.34527090191841125,1,0.036726899445056915,-0.011700116097927094
0.7202182412147522,0.21497580409049988,0.7385015487670898,0.49867376685142517,0.795106828212738,0.0,0.0,1.0,0.44098350405693054,0.6003732681274414,0.6439974308013916,C,0.5152294039726257,0,0.06585223227739334,-0.025060156360268593
0.7911438941955566,0.220010906457901,0.7517101764678955,0.49772611260414124,0.7560976147651672,1.0,0.0,0.0,0.1375456154346466,0.349031537771225,0.4823114573955536,A,0.5208130478858948,0,0.07799050956964493,-0.00920624379068613
0.7810936570167542,0.266701340675354,0.6454716920852661,0.49390819668769836,0.7813279628753662,1.0,0.0,0.0,0.386576771736145,0.2068033367395401,0.7152941823005676,A,0.29957520961761475,0,0.037479180842638016,-0.01275661401450634
0.7448554039001465,0.2736116647720337,0.8197599053382874,0.43790772557258606,0.6764230132102966,1.0,0.0,0.0,0.16899141669273376,0.6600666046142578,0.30457785725593567,A,0.4069373309612274,1,0.056192152202129364,-0.001233493909239769
0.8090450167655945,0.21517989039421082,0.7889792919158936,0.38153308629989624,0.7016857862472534,0.0,0.0,1.0,0.36936822533607483,0.40218183398246765,0.9723396301269531,C,0.6149196028709412,0,0.0717291533946991,-0.016789820045232773
0.72295743227005,0.22399336099624634,0.7931769490242004,0.49322864413261414,0.7683430910110474,1.0,0.0,0.0,0.4537758529186249,0.2513112723827362,0.28888991475105286,A,0.3499516248703003,1,0.028611131012439728,-0.011260097846388817
0.8768966794013977,0.1896178126335144,0.702187716960907,0.38477593660354614,0.6945127248764038,0.0,0.0,1.0,0.5369064807891846,0.14885182678699493,0.7368166446685791,C,0.5403227210044861,1,0.09804227948188782,-0.01980707235634327
0.8982678055763245,0.2387491762638092,0.8222895264625549,0.5855890512466431,0.7874314188957214,0.0,1.0,0.0,0.7711504101753235,0.7736820578575134,0.5574042797088623,B,0.6592515707015991,1,0.13186901807785034,-0.017487892881035805
0.8298431038856506,0.27870962023735046,0.7532573938369751,0.5195243954658508,0.7824561595916748,1.0,0.0,0.0,0.5771059393882751,0.31905338168144226,0.3416195511817932,A,0.41034311056137085,0,0.05468092858791351,-0.01577390544116497
0.7141029834747314,0.21639597415924072,0.6971087455749512,0.502223014831543,0.7445583343505859,1.0,0.0,0.0,0.18042485415935516,0.09049758315086365,0.47426801919937134,A,0.4500053822994232,1,0.06970448046922684,-0.009733716025948524
0.7973755598068237,0.2662191390991211,0.7153539061546326,0.4199179410934448,0.7590247392654419,1.0,0.0,0.0,0.1083805114030838,0.600205659866333,0.4195915460586548,A,0.4193057417869568,0,0.052057553082704544,-0.0036767031997442245
0.8181359767913818,0.31236156821250916,0.8470064401626587,0.5705487728118896,0.7541590929031372,0.0,1.0,0.0,0.8325746655464172,0.7357935309410095,0.5495834350585938,B,0.7468754649162292,1,0.11705981940031052,-0.015365418046712875
0.7700689435005188,0.32656821608543396,0.8140843510627747,0.5191755890846252,0.6775753498077393,0.0,0.0,1.0,0.3663144111633301,0.6469775438308716,0.6374838948249817,C,0.48600906133651733,0,0.0792720764875412,-0.01531532034277916
0.7308428287506104,0.31738710403442383,0.7875998020172119,0.42294979095458984,0.7747862339019775,1.0,0.0,0.0,0.5443112254142761,0.48785513639450073,0.19942200183868408,A,0.41436371207237244,0,0.040936343371868134,-0.010614490136504173
0.7897495031356812,0.20843425393104553,0.7445568442344666,0.5101667642593384,0.7884367108345032,0.0,0.0,1.0,0.44824960827827454,0.2593522369861603,0.7239768505096436,C,0.5900425314903259,1,0.0605602040886879,-0.023157313466072083
0.7300882339477539,0.1690681278705597,0.6714379787445068,0.4248214662075043,0.6990343332290649,1.0,0.0,0.0,0.45181339979171753,0.10337206721305847,0.14634492993354797,A,0.4153112471103668,1,0.013879101723432541,-0.01576022431254387
0.8240084648132324,0.20660555362701416,0.7064576148986816,0.49915024638175964,0.7205900549888611,0.0,0.0,1.0,0.5057821273803711,0.4961375296115875,0.7393516898155212,C,0.5536272525787354,0,0.07194313406944275,-0.014820362441241741
0.8398264646530151,0.20697620511054993,0.7389889359474182,0.4653768539428711,0.6872193813323975,0.0,0.0,1.0,0.3360000550746918,0.3811796307563782,0.9373235106468201,C,0.6001293063163757,0,0.10194141417741776,-0.03999999910593033
0.7466641664505005,0.1858033984899521,0.7161543965339661,0.41288238763809204,0.7507106065750122,0.0,0.0,1.0,0.5552507638931274,0.05464582517743111,0.3599419593811035,C,0.3856821060180664,0,0.06691575050354004,-0.009995756670832634
0.8138697743415833,0.22037068009376526,0.7488927245140076,0.5209345817565918,0.7889641523361206,0.0,0.0,1.0,0.31908202171325684,0.5973448753356934,0.6560855507850647,C,0.646264374256134,0,0.0903688371181488,-0.02240397408604622
0.7894036173820496,0.2295173853635788,0.7725734710693359,0.5106208920478821,0.7674216032028198,0.0,0.0,1.0,0.23439326882362366,0.3882858455181122,0.8661994338035583,C,0.585292637348175,1,0.08893967419862747,-0.021875880658626556
0.7785457372665405,0.2384466826915741,0.783341109752655,0.42396584153175354,0.8159412145614624,1.0,0.0,0.0,0.4529542624950409,0.14955778419971466,0.40213945508003235,A,0.4066150188446045,1,0.04887407273054123,0.007560322992503643
0.7814176082611084,0.2687586843967438,0.6857478618621826,0.52085942029953,0.7915598154067993,1.0,0.0,0.0,0.09294991195201874,0.1473533660173416,0.05161811038851738,A,0.3463248908519745,0,0.01924263685941696,0.007536423858255148
0.7656093239784241,0.28020885586738586,0.6637828946113586,0.5330243110656738,0.6788455247879028,1.0,0.0,0.0,0.043896473944187164,0.1638302505016327,0.6456701755523682,A,0.4382064640522003,0,0.04072537273168564,-0.018349945545196533
0.8140304684638977,0.15593327581882477,0.8278622627258301,0.5840308666229248,0.7760604023933411,0.0,1.0,0.0,0.8834862112998962,0.6995436549186707,0.6775098443031311,B,0.7149525284767151,1,0.13424615561962128,-0.02678372524678707
0.7939701676368713,0.27349984645843506,0.7723917365074158,0.44716522097587585,0.8108712434768677,0.0,0.0,1.0,0.5253725051879883,0.444837361574173,0.6735444068908691,C,0.5933793783187866,1,0.11142738163471222,-0.023193199187517166
0.798575758934021,0.25230368971824646,0.7963908314704895,0.5951016545295715,0.7061525583267212,0.0,1.0,0.0,0.8376225233078003,0.7333868741989136,0.7411363124847412,B,0.7143160700798035,1,0.12219806015491486,-0.013757300563156605
0.7938771843910217,0.22436833381652832,0.7167162299156189,0.4480493664741516,0.6529809236526489,0.0,0.0,1.0,0.40581315755844116,0.7756304740905762,0.5554482936859131,C,0.5621933341026306,0,0.10652495175600052,-0.017489707097411156
0.7428379058837891,0.21759778261184692,0.6350962519645691,0.4899740219116211,0.7444196939468384,1.0,0.0,0.0,0.1081560030579567,0.052694402635097504,0.3368397057056427,A,0.4010432958602905,0,0.06573926657438278,1.3348646461963654e-05
0.7521560192108154,0.20231440663337708,0.7217462062835693,0.47676679491996765,0.6596161127090454,0.0,0.0,1.0,0.4180167019367218,0.2859184741973877,0.7026275992393494,C,0.5242944955825806,0,0.06395933777093887,-0.025636622682213783
0.7107918858528137,0.32621368765830994,0.7220903635025024,0.4931941628456116,0.692639946937561,1.0,0.0,0.0,0.06403473764657974,0.132978156208992,0.30680733919143677,A,0.3180852234363556,0,0.05432731658220291,0.003707961179316044
0.7331022620201111,0.2792581617832184,0.7713755965232849,0.4910232424736023,0.6742857694625854,1.0,0.0,0.0,0.17548871040344238,0.19192659854888916,0.5362851023674011,A,0.44851574301719666,0,0.0886027067899704,-0.010739748366177082
0.8021202683448792,0.19903483986854553,0.7410897612571716,0.37915199995040894,0.7552631497383118,0.0,0.0,1.0,0.19674183428287506,0.3745309114456177,0.6574691534042358,C,0.5309309959411621,0,0.05297665297985077,-0.023195480927824974
0.8033338189125061,0.280278742313385,0.7451353669166565,0.46757882833480835,0.760095477104187,0.0,0.0,1.0,0.07419775426387787,0.6183857917785645,0.7336680889129639,C,0.5619545578956604,0,0.07822026312351227,-0.018681064248085022
0.8194698691368103,0.3101731836795807,0.7493904829025269,0.5564761757850647,0.7168558835983276,0.0,1.0,0.0,0.5958784222602844,0.641598641872406,0.36400339007377625,B,0.6442875266075134,1,0.1070767492055893,-0.01793178915977478
0.7909643054008484,0.22785814106464386,0.7839446663856506,0.4325307607650757,0.8202470541000366,1.0,0.0,0.0,0.585297167301178,0.3050706088542938,0.33517760038375854,A,0.5403048396110535,0,0.09123587608337402,-0.014283593744039536
0.7679299116134644,0.26030901074409485,0.7562987208366394,0.6174716353416443,0.7182543873786926,0.0,1.0,0.0,0.6674725413322449,0.8778846263885498,0.6609642505645752,B,0.7458509206771851,1,0.12444155663251877,-0.012793075293302536
0.7442812323570251,0.19231370091438293,0.7319369912147522,0.42936599254608154,0.7642859220504761,1.0,0.0,0.0,0.26307910680770874,0.3097660541534424,0.4655081033706665,A,0.30032211542129517,0,0.06632934510707855,-0.01214103028178215
0.7966044545173645,0.18927273154258728,0.8328293561935425,0.49593040347099304,0.7446743845939636,0.0,0.0,1.0,0.6335461735725403,0.6367871761322021,0.7477833032608032,C,0.615705132484436,0,0.11337566375732422,-0.03999999910593033
0.7536941170692444,0.24513524770736694,0.7843807935714722,0.47659823298454285,0.7758217453956604,0.0,0.0,1.0,0.5451017618179321,0.3759306073188782,0.840825080871582,C,0.6513796448707581,1,0.14672774076461792,-0.01490897499024868
0.7682321667671204,0.25722911953926086,0.6933724880218506,0.3992346227169037,0.7357133626937866,1.0,0.0,0.0,0.05411301553249359,0.03948737308382988,0.3147791922092438,A,0.3378843069076538,0,0.057267725467681885,-0.02069050446152687
0.7593258023262024,0.27432915568351746,0.7700432538986206,0.4397483170032501,0.6658324599266052,1.0,0.0,0.0,0.12614524364471436,0.024472426623106003,0.6129664182662964,A,0.3623483180999756,1,0.043803684413433075,-0.0012715216726064682
0.7877492904663086,0.2228395640850067,0.7282021641731262,0.4459575116634369,0.6966132521629333,1.0,0.0,0.0,0.46931812167167664,0.057162851095199585,0.44134971499443054,A,0.37466445565223694,1,0.044157858937978745,-0.0040739174000918865
0.7579975128173828,0.2921329438686371,0.8256745338439941,0.45002642273902893,0.7648360729217529,0.0,0.0,1.0,0.4132004678249359,0.2759711742401123,0.8590351343154907,C,0.6440093517303467,1,0.08565107733011246,-0.020827079191803932
0.8481600880622864,0.15872937440872192,0.786310613155365,0.5746142268180847,0.808263897895813,0.0,1.0,0.0,0.6803997755050659,0.647409200668335,0.45646610856056213,B,0.6543346643447876,1,0.09902209788560867,-0.01448654755949974
0.7982948422431946,0.28731590509414673,0.7498940229415894,0.5519421696662903,0.7194923758506775,0.0,0.0,1.0,0.5830125212669373,0.3570283055305481,0.37601909041404724,C,0.6110085844993591,0,0.06329422444105148,-0.012369709089398384
0.7833012938499451,0.24744588136672974,0.8385859131813049,0.5645730495452881,0.7182190418243408,0.0,1.0,0.0,0.7245594263076782,0.8468049168586731,0.3068166971206665,B,0.6622453927993774,0,0.13497702777385712,-0.0041906945407390594
0.8023979663848877,0.25669291615486145,0.8686113357543945,0.513857901096344,0.7771999835968018,0.0,1.0,0.0,0.8562348484992981,0.9595621228218079,0.8499307036399841,B,0.7214931845664978,1,0.12141716480255127,-0.039478600025177
0.8110259175300598,0.24824361503124237,0.7410153150558472,0.5002663135528564,0.734159529209137,1.0,0.0,0.0,0.1253548413515091,0.15022329986095428,0.24831843376159668,A,0.3554401993751526,0,0.0508052296936512,0.0040494343265891075
0.7581455111503601,0.21916402876377106,0.7559492588043213,0.4721381664276123,0.6410802006721497,0.0,0.0,1.0,0.42774224281311035,0.5557020306587219,0.9586721062660217,C,0.597465991973877,0,0.09386365115642548,-0.018794536590576172
0.7586916089057922,0.26116859912872314,0.8047317862510681,0.4934055805206299,0.7805333137512207,1.0,0.0,0.0,0.3082836866378784,0.35633811354637146,0.7740502953529358,A,0.45143789052963257,1,0.05521757900714874,-0.023135334253311157
0.7359364032745361,0.16525308787822723,0.8373537063598633,0.5139865875244141,0.7552818059921265,0.0,1.0,0.0,0.6713746786117554,0.9296223521232605,0.33941373229026794,B,0.6750984787940979,0,0.11725137382745743,-0.025197453796863556
0.8188116550445557,0.3187468945980072,0.7685030698776245,0.43878740072250366,0.6384150385856628,0.0,0.0,1.0,0.24463900923728943,0.3508719503879547,0.7897391319274902,C,0.5754929780960083,0,0.09823696315288544,-0.03177639842033386
0.7894296646118164,0.21899759769439697,0.886972963809967,0.5363937616348267,0.8303642868995667,0.0,1.0,0.0,0.3487705886363983,0.7639007568359375,0.9098860025405884,B,0.6533123254776001,1,0.09914375096559525,-0.027922838926315308
0.8222476840019226,0.2300744205713272,0.8211440443992615,0.407184362411499,0.705295979976654,0.0,0.0,1.0,0.5778242945671082,0.18093140423297882,0.7874072194099426,C,0.5803731679916382,1,0.078310526907444,-0.026502184569835663
0.7910782098770142,0.21436820924282074,0.6863155961036682,0.4128355383872986,0.6974694132804871,1.0,0.0,0.0,0.3327295482158661,0.34144237637519836,0.17743009328842163,A,0.34763962030410767,1,0.04079423099756241,-0.007988020777702332
0.8448329567909241,0.18171942234039307,0.7045371532440186,0.5601694583892822,0.6984691619873047,0.0,1.0,0.0,0.44770383834838867,0.967002272605896,0.5125120282173157,B,0.7032273411750793,0,0.11578219383955002,-0.01852976344525814
0.8212634325027466,0.3196488320827484,0.8159477710723877,0.5823112726211548,0.7067862749099731,0.0,1.0,0.0,0.5714941024780273,0.5482017397880554,0.2928295135498047,B,0.6515017151832581,1,0.08273892104625702,-0.004269331693649292
0.8378676176071167,0.27647629380226135,0.780076801776886,0.5860191583633423,0.7291697263717651,0.0,1.0,0.0,0.7674164175987244,0.7733326554298401,0.6041409373283386,B,0.6991608738899231,1,0.15319529175758362,-0.014883464202284813
0.7692943215370178,0.22475071251392365,0.6618645191192627,0.4554993510246277,0.7659000754356384,1.0,0.0,0.0,0.2834629416465759,0.07626337558031082,0.36423009634017944,A,0.3476303517818451,1,0.04670923575758934,-0.01174209825694561
0.8098794221878052,0.2372196465730667,0.7257272005081177,0.3785964548587799,0.6822568774223328,1.0,0.0,0.0,0.35706403851509094,0.1357375532388687,0.26622679829597473,A,0.383841872215271,0,0.06649361550807953,-0.0012816302478313446
0.7208742499351501,0.19238987565040588,0.6513484120368958,0.40509942173957825,0.7307606339454651,1.0,0.0,0.0,0.2297126203775406,0.18166930973529816,0.35900944471359253,A,0.39191287755966187,1,0.045873455703258514,0.008351213298738003
0.8218243718147278,0.29890552163124084,0.7213972806930542,0.40811678767204285,0.8057805895805359,1.0,0.0,0.0,0.40680938959121704,0.13868096470832825,0.6629245281219482,A,0.37323230504989624,1,0.06414169073104858,-0.0033744224347174168
0.87565678358078,0.17530827224254608,0.8095506429672241,0.5247008204460144,0.8415756225585938,0.0,1.0,0.0,0.8152912259101868,0.6904666423797607,0.6927945017814636,B,0.7187108993530273,0,0.11319004744291306,-0.027890807017683983
0.8220210075378418,0.2615099847316742,0.7368000149726868,0.5599650144577026,0.7260740995407104,0.0,1.0,0.0,0.8982526063919067,0.3060804605484009,0.8236357569694519,B,0.6856082677841187,0,0.1329861432313919,-0.00994386337697506
0.822239100933075,0.22257573902606964,0.7688723802566528,0.5737287998199463,0.7889613509178162,0.0,1.0,0.0,0.5820572972297668,0.9257866740226746,0.3985060751438141,B,0.7232661247253418,0,0.10570511966943741,-0.02347266487777233
0.746210515499115,0.20612992346286774,0.7657702565193176,0.5535646677017212,0.754971981048584,0.0,1.0,0.0,0.5406675338745117,0.6843225359916687,0.3400706350803375,B,0.6240585446357727,0,0.08537720143795013,-0.017395813018083572
0.7826833724975586,0.2622244954109192,0.8595020174980164,0.640913188457489,0.766045093536377,0.0,1.0,0.0,0.7761757969856262,0.9133763909339905,0.4591606557369232,B,0.735129177570343,1,0.09898886829614639,-0.002535042352974415
0.7521376609802246,0.27596715092658997,0.6725109815597534,0.487770676612854,0.7700852751731873,1.0,0.0,0.0,0.19559985399246216,0.0890401303768158,0.16217203438282013,A,0.3465605676174164,0,0.007971011102199554,-0.007483123801648617
0.8098772168159485,0.3092523217201233,0.8422001004219055,0.6015477180480957,0.743934154510498,0.0,1.0,0.0,0.791985809803009,0.6290456652641296,0.7734089493751526,B,0.6628870964050293,1,0.11404133588075638,-0.011548676528036594
0.7806221842765808,0.2482762336730957,0.6753929853439331,0.35694223642349243,0.7924220561981201,1.0,0.0,0.0,0.6383402347564697,0.03766361624002457,0.41434964537620544,A,0.41787102818489075,0,0.04207998514175415,-0.0065561383962631226
0.7923946976661682,0.2275926172733307,0.6961747407913208,0.43004459142684937,0.7001487016677856,1.0,0.0,0.0,0.3462773263454437,0.12063712626695633,0.3449781835079193,A,0.40892916917800903,0,0.04950995743274689,-0.01660674437880516
0.8516719341278076,0.2601190209388733,0.8696793913841248,0.4988056421279907,0.7710047960281372,0.0,1.0,0.0,0.9176293611526489,0.8021588325500488,0.8244323134422302,B,0.7937846183776855,1,0.11480637639760971,-0.02577192895114422
0.7630554437637329,0.3118407428264618,0.820053219795227,0.6281471848487854,0.8371061682701111,0.0,1.0,0.0,0.7227102518081665,0.7547595500946045,0.5075622200965881,B,0.7343046069145203,1,0.14640067517757416,-0.011863083578646183
0.779163658618927,0.32335928082466125,0.6899771690368652,0.39849653840065,0.6966951489448547,1.0,0.0,0.0,0.16410966217517853,0.20268969237804413,0.36916014552116394,A,0.27644243836402893,0,0.03842966631054878,0.0042815860360860825
0.8161137104034424,0.23018081486225128,0.7779172658920288,0.630655825138092,0.8174611926078796,0.0,1.0,0.0,0.8248266577720642,0.959087610244751,0.7560663819313049,B,0.7047162055969238,1,0.12102984637022018,-0.009503589011728764
0.8413470983505249,0.19569845497608185,0.8744966387748718,0.6206743121147156,0.731381893157959,0.0,1.0,0.0,0.8053260445594788,0.7503389716148376,0.7658602595329285,B,0.721996009349823,1,0.12292158603668213,-0.027445141226053238
0.7465784549713135,0.25097736716270447,0.7006333470344543,0.5353312492370605,0.7708519697189331,0.0,0.0,1.0,0.277238130569458,0.3316604495048523,0.5819810628890991,C,0.5596710443496704,1,0.09362605214118958,-0.024757498875260353
0.8787959218025208,0.1512514054775238,0.7530442476272583,0.5066209435462952,0.723754346370697,0.0,1.0,0.0,0.636045515537262,0.9278883934020996,0.6834949851036072,B,0.7511277794837952,1,0.09403932094573975,-0.01380224246531725
0.8118591904640198,0.2723275125026703,0.7720521092414856,0.5735325813293457,0.8082724809646606,0.0,1.0,0.0,0.7975039482116699,0.46605896949768066,0.3575465977191925,B,0.6287363767623901,0,0.12218879163265228,-0.022213539108633995
0.8019037246704102,0.3006892204284668,0.7917335629463196,0.5085068941116333,0.7317420244216919,1.0,0.0,0.0,0.11077479273080826,0.18918898701667786,0.25870281457901,A,0.42223039269447327,1,0.00640324130654335,-0.001955145038664341
0.7325050234794617,0.22479040920734406,0.7551979422569275,0.439914345741272,0.6751519441604614,0.0,0.0,1.0,0.16596615314483643,0.6208404302597046,0.5902767777442932,C,0.5181783437728882,1,0.10600137710571289,-0.008950539864599705
0.8117629885673523,0.2761417031288147,0.8359814286231995,0.6154911518096924,0.8044180870056152,0.0,1.0,0.0,0.8895260095596313,0.719963788986206,0.1573852151632309,B,0.7063217759132385,1,0.1118723526597023,-0.006489295046776533
0.8180583119392395,0.21210432052612305,0.7453557252883911,0.5820519924163818,0.8004946112632751,0.0,1.0,0.0,0.9051697254180908,0.6153433918952942,0.6361168622970581,B,0.7512598633766174,0,0.12290872633457184,-0.026464251801371574
0.8466751575469971,0.3094864785671234,0.8740783333778381,0.5370830297470093,0.840524435043335,0.0,1.0,0.0,0.9036439657211304,0.8434972167015076,0.5519828796386719,B,0.7528914213180542,0,0.10939328372478485,-0.02743528038263321
0.8506181836128235,0.15987221896648407,0.8507683277130127,0.6166692972183228,0.7297976016998291,0.0,1.0,0.0,0.9045236706733704,0.7443943023681641,0.5787927508354187,B,0.6933684945106506,1,0.10914453864097595,-0.02158421277999878
0.8242713212966919,0.20983359217643738,0.8745954036712646,0.6151356101036072,0.7231823205947876,0.0,1.0,0.0,0.7160239219665527,0.7325183749198914,0.4005715847015381,B,0.6686690449714661,0,0.09709605574607849,-0.031648557633161545
0.8452445268630981,0.17087429761886597,0.7755469679832458,0.537051796913147,0.7409232258796692,0.0,0.0,1.0,0.43587684631347656,0.6119441986083984,0.8120116591453552,C,0.6596146821975708,0,0.09284749627113342,-0.010781563818454742
0.8179792165756226,0.17731669545173645,0.6669410467147827,0.5349270105361938,0.7244013547897339,0.0,0.0,1.0,0.1875912845134735,0.4947245419025421,0.9081079363822937,C,0.5936261415481567,1,0.08215893805027008,-0.021237345412373543
0.7788689732551575,0.2008848786354065,0.6829309463500977,0.4752792716026306,0.6547825932502747,0.0,0.0,1.0,0.3706478774547577,0.4252770245075226,0.7060509324073792,C,0.5548550486564636,0,0.07945173233747482,-0.009491564705967903
0.7603607773780823,0.2524513602256775,0.8475109934806824,0.6177950501441956,0.7581900358200073,0.0,1.0,0.0,0.19673186540603638,0.9409204125404358,0.4894624948501587,B,0.7004795074462891,1,0.08256225287914276,-0.008622036315500736
0.7689060568809509,0.1983967423439026,0.7540285587310791,0.5813323855400085,0.8233919143676758,0.0,1.0,0.0,0.5722007751464844,0.8002485036849976,0.6234623789787292,B,0.7092897295951843,1,0.10908620804548264,-0.027486737817525864
0.8474969863891602,0.15855711698532104,0.7708861827850342,0.4923727214336395,0.7202655673027039,0.0,0.0,1.0,0.6348674297332764,0.24981150031089783,0.5332900881767273,C,0.5183070302009583,0,0.09867281466722488,-0.018949687480926514
0.6799182891845703,0.237291619181633,0.7969173789024353,0.4959268271923065,0.6773133277893066,1.0,0.0,0.0,0.17914168536663055,0.010149863548576832,0.26314008235931396,A,0.42626574635505676,1,0.058661963790655136,-0.007086152210831642
0.7732047438621521,0.1915666162967682,0.8086010813713074,0.4426470994949341,0.7900359630584717,0.0,0.0,1.0,0.3913372755050659,0.4555698037147522,0.7382462024688721,C,0.6794694066047668,1,0.06900681555271149,-0.0069413259625434875
0.8061178922653198,0.29692786931991577,0.8315443396568298,0.6151021122932434,0.7185126543045044,0.0,1.0,0.0,0.7541825175285339,0.9774597883224487,0.6677940487861633,B,0.7252119183540344,1,0.1302531659603119,-0.01726156286895275
0.8106604218482971,0.3323042690753937,0.7603074908256531,0.392471581697464,0.6766315698623657,1.0,0.0,0.0,0.12053071707487106,0.2523534595966339,0.31142663955688477,A,0.35413455963134766,1,0.03447924181818962,-0.008170250803232193
0.8069044351577759,0.2294262796640396,0.7408943772315979,0.5518642067909241,0.6731176376342773,1.0,0.0,0.0,0.3562048077583313,0.44141775369644165,0.3456871807575226,A,0.4600013792514801,0,0.0745350569486618,-0.009863772429525852
0.8101049661636353,0.19952884316444397,0.7011746764183044,0.4034211039543152,0.7936151623725891,0.0,0.0,1.0,0.6411603093147278,0.21560163795948029,0.5335806012153625,C,0.5225611925125122,1,0.08378547430038452,-0.022409966215491295
0.6918919086456299,0.2001710832118988,0.7802979350090027,0.5386096239089966,0.6775885224342346,1.0,0.0,0.0,0.3320397436618805,0.2614379823207855,0.5046788454055786,A,0.4813290238380432,1,0.06889123469591141,-0.0044412799179553986
0.7626402974128723,0.19797198474407196,0.7459672093391418,0.47356194257736206,0.7427210807800293,1.0,0.0,0.0,0.019719744101166725,0.2975083887577057,0.3287147581577301,A,0.4259778559207916,1,0.08081561326980591,-0.006619063671678305
0.7824404835700989,0.18640317022800446,0.7774105668067932,0.43017899990081787,0.6641638278961182,1.0,0.0,0.0,0.07869858294725418,0.562093198299408,0.34093526005744934,A,0.4614921808242798,0,0.059199512004852295,-0.004840285051614046
0.7975867390632629,0.26815372705459595,0.679448664188385,0.4917508065700531,0.6818599700927734,1.0,0.0,0.0,0.06637327373027802,0.08236397057771683,0.6872321367263794,A,0.3106973469257355,0,0.03111283853650093,0.0008970503695309162
0.7287606596946716,0.29801321029663086,0.7543785572052002,0.4325190484523773,0.7358108162879944,1.0,0.0,0.0,0.26028135418891907,0.39088502526283264,0.2535138726234436,A,0.3968968987464905,0,0.03211969882249832,-0.01538520772010088
0.8069039583206177,0.15524478256702423,0.6821781396865845,0.48023200035095215,0.7559776306152344,0.0,0.0,1.0,0.3552861213684082,0.23278267681598663,0.6524083614349365,C,0.5527417659759521,0,0.10895270109176636,-0.011436308734118938
0.8371134996414185,0.18956008553504944,0.6496726870536804,0.4860501289367676,0.7173511385917664,1.0,0.0,0.0,0.4146573841571808,0.07297617942094803,0.3470756709575653,A,0.411105751991272,0,0.049609627574682236,-0.009549655020236969
0.7786458730697632,0.28848060965538025,0.6799020171165466,0.4333331286907196,0.6957838535308838,0.0,0.0,1.0,0.36554795503616333,0.2650446593761444,0.6677551865577698,C,0.5909408926963806,1,0.07632587850093842,-0.022375300526618958
0.8056597113609314,0.1809704452753067,0.7506231069564819,0.48000192642211914,0.6861110925674438,0.0,0.0,1.0,0.24442778527736664,0.7194551229476929,0.7325948476791382,C,0.5809383988380432,1,0.11380097270011902,-0.03112039715051651
0.7835289835929871,0.16686785221099854,0.7568116784095764,0.5812007784843445,0.712249755859375,0.0,1.0,0.0,0.924041748046875,0.8335031270980835,0.7386085391044617,B,0.747973620891571,1,0.13417835533618927,-0.01616659387946129
0.8053840398788452,0.3185148239135742,0.6458609700202942,0.388960063457489,0.7139971256256104,1.0,0.0,0.0,0.1926889270544052,0.09239659458398819,0.6523804068565369,A,0.3731454312801361,0,0.0348876491189003,-0.0021131709218025208
0.8453388214111328,0.298025906085968,0.795021116733551,0.5054228901863098,0.7791407704353333,0.0,1.0,0.0,0.6806232929229736,0.6922501921653748,0.6446786522865295,B,0.7153474688529968,1,0.1085178479552269,-0.017789416015148163
0.7505073547363281,0.3445936441421509,0.6801730394363403,0.3574622571468353,0.7545950412750244,1.0,0.0,0.0,0.20635169744491577,0.01323017105460167,0.3852710723876953,A,0.36973467469215393,0,0.032480884343385696,-0.016512297093868256
0.8274372220039368,0.26870858669281006,0.8165634870529175,0.5916419625282288,0.7826085090637207,0.0,1.0,0.0,0.9153645038604736,0.7769504189491272,0.8114784359931946,B,0.7761020064353943,1,0.10348746180534363,-0.017252955585718155
0.8307675123214722,0.2665728032588959,0.7828776240348816,0.41339170932769775,0.7335012555122375,0.0,0.0,1.0,0.5905299186706543,0.1294814646244049,0.79163658618927,C,0.5180028080940247,0,0.05045226216316223,-0.006314987316727638
0.7967138290405273,0.2500015199184418,0.7969454526901245,0.5072616934776306,0.6500923037528992,0.0,0.0,1.0,0.3934447169303894,0.5395174622535706,0.706982433795929,C,0.5500040650367737,1,0.08564262837171555,-0.020145820453763008
0.8412706255912781,0.1679447740316391,0.798065185546875,0.5195595622062683,0.7432041168212891,0.0,0.0,1.0,0.6204968094825745,0.5450974106788635,0.5293183326721191,C,0.6299185752868652,1,0.11638806760311127,-0.023684348911046982
0.8379554152488708,0.26899710297584534,0.716906726360321,0.5273555517196655,0.6935906410217285,1.0,0.0,0.0,0.5629302263259888,0.21534846723079681,0.17905308306217194,A,0.3428955674171448,1,0.05922980234026909,-0.0049507226794958115
0.8045741319656372,0.2038266509771347,0.7451460957527161,0.40821710228919983,0.6655495762825012,0.0,0.0,1.0,0.3851105272769928,0.217891126871109,0.7012168169021606,C,0.6305188536643982,0,0.09113626182079315,-0.02914007380604744
0.793973982334137,0.27320733666419983,0.7624251246452332,0.442175954580307,0.7352121472358704,0.0,0.0,1.0,0.5903269052505493,0.39881372451782227,0.9171772599220276,C,0.6098569631576538,0,0.10872726142406464,-0.017663199454545975
0.814233124256134,0.319027304649353,0.8529324531555176,0.4361404776573181,0.7280692458152771,0.0,1.0,0.0,0.8867863416671753,0.5504464507102966,0.5221734046936035,B,0.695656955242157,0,0.12576091289520264,-0.014325065538287163
0.8648116588592529,0.2493739277124405,0.7459325194358826,0.6167392730712891,0.7597128748893738,0.0,1.0,0.0,0.7380859851837158,0.8432269096374512,0.4157414734363556,B,0.755282461643219,0,0.1238793134689331,-0.017763566225767136
0.7811638712882996,0.217356339097023,0.6796618103981018,0.417147696018219,0.7025866508483887,1.0,0.0,0.0,0.3461207151412964,0.15788336098194122,0.3469577729701996,A,0.49160656332969666,1,-0.0033354461193084717,0.004675399512052536
0.72664475440979,0.2244233936071396,0.6996873021125793,0.5145155787467957,0.6830791234970093,1.0,0.0,0.0,0.10337436199188232,0.5546743869781494,0.4008278548717499,A,0.4122886657714844,1,0.012698296457529068,-0.005297892726957798
0.7986412644386292,0.31733545660972595,0.7389573454856873,0.6141610145568848,0.7157781720161438,0.0,1.0,0.0,0.954901933670044,0.715594470500946,0.6049262881278992,B,0.6201736927032471,1,0.12216416001319885,-0.005099569447338581
0.731926441192627,0.2763480842113495,0.7463799715042114,0.5562890768051147,0.7263501882553101,1.0,0.0,0.0,0.4112892746925354,0.4023872911930084,0.3292710483074188,A,0.38405582308769226,0,0.059019785374403,-0.002108160872012377
0.7379250526428223,0.25537508726119995,0.7619503140449524,0.3565278947353363,0.7034963965415955,1.0,0.0,0.0,0.36003395915031433,0.06296133249998093,0.17875686287879944,A,0.47487789392471313,0,0.05805983766913414,-0.02064511924982071
0.8255922198295593,0.19747580587863922,0.7527377009391785,0.44686785340309143,0.7006776928901672,0.0,0.0,1.0,0.6914809346199036,0.5381930470466614,0.9339398145675659,C,0.6195677518844604,1,0.11806976795196533,-0.012570411898195744
0.7568553686141968,0.20578749477863312,0.6649726033210754,0.5214266777038574,0.7243368029594421,0.0,0.0,1.0,0.18140630424022675,0.17272181808948517,0.5401042699813843,C,0.5412532687187195,0,0.05189378559589386,0.0023969821631908417
0.869663417339325,0.1992294192314148,0.7718016505241394,0.5175508856773376,0.7253884673118591,0.0,1.0,0.0,0.774543821811676,0.6720406413078308,0.952904224395752,B,0.6595273613929749,1,0.09976514428853989,-0.02939002402126789
0.8162937164306641,0.2038908451795578,0.6964721083641052,0.5730165243148804,0.7653621435165405,0.0,0.0,1.0,0.3600755035877228,0.6552645564079285,0.798259973526001,C,0.5927385091781616,1,0.10312057286500931,-0.036603204905986786
0.8320043087005615,0.23125287890434265,0.8101998567581177,0.4127846360206604,0.7658939361572266,0.0,0.0,1.0,0.7329732775688171,0.1257374882698059,0.6787776947021484,C,0.6038052439689636,0,0.07577531039714813,-0.035982467234134674
0.7785401344299316,0.29056164622306824,0.70579993724823,0.41192132234573364,0.7347023487091064,1.0,0.0,0.0,0.3730379045009613,0.15879081189632416,0.07489712536334991,A,0.3475857377052307,0,0.040194422006607056,0.0031062117777764797
0.7881874442100525,0.26054221391677856,0.8191283345222473,0.5696452856063843,0.8421282768249512,0.0,1.0,0.0,0.8176631331443787,0.8134883046150208,0.4624106287956238,B,0.7045612931251526,1,0.14331971108913422,-0.013452756218612194
0.8204545378684998,0.31863200664520264,0.8645617365837097,0.5389626622200012,0.7958864569664001,0.0,1.0,0.0,0.759978711605072,0.7665316462516785,0.5030142068862915,B,0.745491087436676,1,0.12704162299633026,-0.024475369602441788
0.740352213382721,0.21537503600120544,0.701738178730011,0.3969939053058624,0.6844673752784729,1.0,0.0,0.0,0.3594515919685364,0.06897244602441788,0.2672837972640991,A,0.37842655181884766,1,0.03741113469004631,0.0004998915828764439
0.7833729982376099,0.2964557707309723,0.7263889312744141,0.43457677960395813,0.6624518036842346,0.0,0.0,1.0,0.4153459668159485,0.3780111074447632,0.7690777778625488,C,0.5446656942367554,1,0.07645746320486069,-0.006034323014318943
0.8147381544113159,0.23533418774604797,0.7921739816665649,0.6037623286247253,0.8081164956092834,0.0,1.0,0.0,0.5569477677345276,0.8464145660400391,0.6431277394294739,B,0.6987529993057251,1,0.11946036666631699,-0.027125652879476547
0.8016995787620544,0.2703326344490051,0.7891532182693481,0.6447484493255615,0.811337411403656,0.0,1.0,0.0,0.6700927019119263,0.8125590085983276,0.6782463192939758,B,0.7545576691627502,1,0.11110981553792953,-0.004726074635982513
0.8022028803825378,0.2172403335571289,0.747617781162262,0.4009585380554199,0.6516578793525696,1.0,0.0,0.0,0.29476258158683777,0.3746281862258911,0.1151416003704071,A,0.3664090633392334,0,0.05927913635969162,-0.004297730512917042
0.7424206733703613,0.27610400319099426,0.7394435405731201,0.4565219581127167,0.7796617746353149,1.0,0.0,0.0,0.20967033505439758,0.20824091136455536,0.17813675105571747,A,0.45686250925064087,0,0.037478480488061905,-0.016819294542074203
0.797758162021637,0.2136749029159546,0.6592495441436768,0.47032785415649414,0.6533621549606323,0.0,0.0,1.0,0.284466952085495,0.15746012330055237,0.6475954055786133,C,0.5896939635276794,0,0.06225692853331566,-0.011323233135044575
0.8002935647964478,0.2796785235404968,0.7277011275291443,0.5176601409912109,0.7017787098884583,1.0,0.0,0.0,0.17437385022640228,0.2792294919490814,0.2613758444786072,A,0.48974379897117615,1,0.04187937453389168,-0.02586987242102623
0.7828776240348816,0.20617546141147614,0.680890679359436,0.3669012486934662,0.728083074092865,1.0,0.0,0.0,0.32603609561920166,0.18761540949344635,0.21714532375335693,A,0.3963777720928192,0,0.03035169653594494,0.004420275799930096
0.8078638315200806,0.31171587109565735,0.7219544649124146,0.42142483592033386,0.6825888156890869,1.0,0.0,0.0,0.3161605894565582,0.22888384759426117,0.09457121044397354,A,0.3797962963581085,0,0.046033427119255066,0.007329043000936508
0.7686244249343872,0.1774597465991974,0.7546073198318481,0.5718876719474792,0.6867358088493347,0.0,1.0,0.0,0.7097240090370178,0.7612653374671936,0.6303640604019165,B,0.6730912923812866,1,0.13776332139968872,-0.03107498213648796
0.7630981206893921,0.1952662467956543,0.760934591293335,0.523582398891449,0.8203028440475464,0.0,1.0,0.0,0.6859749555587769,0.8866904377937317,0.6901752948760986,B,0.7096437811851501,1,0.12980999052524567,-0.029865633696317673
0.8401802182197571,0.2879975736141205,0.8151803016662598,0.5753432512283325,0.7147485017776489,0.0,1.0,0.0,0.6926894187927246,0.6705946922302246,0.7358152866363525,B,0.6995617151260376,1,0.11451183259487152,-0.022805487737059593
0.713784396648407,0.2757563591003418,0.6505923867225647,0.379081130027771,0.6598997116088867,1.0,0.0,0.0,0.3375948369503021,0.0849836990237236,0.6801115274429321,A,0.3693152666091919,0,0.05384653061628342,-0.001894447486847639
0.7668839693069458,0.28547239303588867,0.6548182368278503,0.39509445428848267,0.6642178893089294,1.0,0.0,0.0,0.3211125433444977,0.06356524676084518,0.19221937656402588,A,0.3215622007846832,0,0.015255346894264221,0.004226590972393751
0.7636106014251709,0.24872785806655884,0.6772663593292236,0.41885146498680115,0.783754825592041,0.0,0.0,1.0,0.3505658805370331,0.25308459997177124,0.8633110523223877,C,0.6348204612731934,1,0.10208122432231903,-0.016026465222239494
0.8503448367118835,0.17472155392169952,0.8572693467140198,0.5946124792098999,0.752440333366394,0.0,1.0,0.0,0.6852515935897827,0.8203832507133484,0.6367350816726685,B,0.7804074883460999,1,0.11673779040575027,-0.01897609233856201
0.8108553290367126,0.26063141226768494,0.8188497424125671,0.5878238677978516,0.82999587059021,0.0,1.0,0.0,0.6289302110671997,0.68598473072052,0.5800655484199524,B,0.7080675363540649,1,0.10910452157258987,-0.028936930000782013
0.8657079339027405,0.18084876239299774,0.796840488910675,0.460527241230011,0.7944974899291992,0.0,0.0,1.0,0.5955296754837036,0.25794070959091187,0.9355151653289795,C,0.6813360452651978,1,0.11705167591571808,-0.025034606456756592
0.830057680606842,0.23772834241390228,0.7759997844696045,0.44743797183036804,0.6642605662345886,0.0,0.0,1.0,0.2525387108325958,0.18633264303207397,0.9008773565292358,C,0.6270138025283813,0,0.1002015769481659,-0.027513276785612106
0.7992746829986572,0.29886531829833984,0.7832471132278442,0.42761579155921936,0.7369966506958008,1.0,0.0,0.0,0.174271360039711,0.30797716975212097,0.27417415380477905,A,0.3849334418773651,1,0.049887921661138535,-0.004523707553744316
0.8260858654975891,0.23613077402114868,0.7905634045600891,0.5313986539840698,0.8070628046989441,0.0,1.0,0.0,0.7868503928184509,0.7235164642333984,0.8244494795799255,B,0.7545096278190613,1,0.14713267982006073,-0.015773896127939224
0.8269914984703064,0.1780993640422821,0.7354116439819336,0.6203576922416687,0.7223817706108093,0.0,1.0,0.0,0.6933429837226868,0.6826295256614685,0.7724278569221497,B,0.6459469199180603,1,0.11372114717960358,-0.022710029035806656
0.8246889114379883,0.2788832485675812,0.79704350233078,0.4022536277770996,0.6811507940292358,1.0,0.0,0.0,0.509380578994751,0.03243682533502579,0.2842043340206146,A,0.40128734707832336,0,0.07486249506473541,-0.00012883218005299568
0.8596941828727722,0.2116762399673462,0.7120290398597717,0.5129585862159729,0.7479543685913086,0.0,0.0,1.0,0.12897393107414246,0.19359099864959717,0.8980379700660706,C,0.6660875678062439,0,0.06818919628858566,-0.01574907824397087
0.7927667498588562,0.2555426359176636,0.7947900891304016,0.5126261115074158,0.7674766182899475,0.0,1.0,0.0,0.8535079956054688,0.953651487827301,0.5892719030380249,B,0.687467634677887,0,0.14256997406482697,-0.025156518444418907
0.7936877608299255,0.3006463646888733,0.6945914626121521,0.5253915786743164,0.6879777312278748,0.0,0.0,1.0,0.5687394142150879,0.44797101616859436,0.5858442783355713,C,0.580524742603302,1,0.08369601517915726,-0.01221819780766964
0.7772533297538757,0.23066607117652893,0.6521964073181152,0.3810082972049713,0.674699068069458,0.0,0.0,1.0,0.5870206952095032,0.1368003636598587,0.737913191318512,C,0.5362409353256226,1,0.09389882534742355,-0.035303667187690735
0.8592124581336975,0.2385236769914627,0.7418287992477417,0.5595818161964417,0.8222001194953918,0.0,1.0,0.0,0.2988955080509186,0.5532939434051514,0.38729068636894226,B,0.6694169044494629,1,0.10234454274177551,-0.02274823561310768
0.7629043459892273,0.1593914031982422,0.7409279346466064,0.4533320963382721,0.6475335955619812,0.0,0.0,1.0,0.18906255066394806,0.6570841670036316,0.8193647265434265,C,0.6199532747268677,0,0.1095624566078186,-0.007829415611922741
0.8678660988807678,0.23081810772418976,0.7382242679595947,0.46740421652793884,0.8059307932853699,0.0,1.0,0.0,0.35451725125312805,0.7153637409210205,0.6507697105407715,B,0.6473461389541626,1,0.09574553370475769,-0.0121888043358922
0.861072301864624,0.18945451080799103,0.7713443636894226,0.4890722632408142,0.6679093837738037,0.0,0.0,1.0,0.5080649256706238,0.48589062690734863,0.5973900556564331,C,0.6062751412391663,1,0.11550481617450714,-0.02215096913278103
0.8062099814414978,0.19977967441082,0.8039239645004272,0.6097074747085571,0.6863610148429871,0.0,1.0,0.0,0.6178484559059143,0.7119669914245605,0.908908486366272,B,0.7411532402038574,1,0.10838643461465836,-0.015964491292834282
0.8527618646621704,0.2977844178676605,0.8271428942680359,0.5263922214508057,0.7865509986877441,0.0,1.0,0.0,0.6104599237442017,0.9311546087265015,0.6294171810150146,B,0.7406570911407471,0,0.11599792540073395,-0.009372744709253311
0.8308585286140442,0.19586613774299622,0.8697766661643982,0.5531898140907288,0.7984722852706909,0.0,1.0,0.0,0.7933918833732605,0.745048463344574,0.6532849073410034,B,0.6973767280578613,1,0.10114407539367676,-0.009514596313238144
0.8203156590461731,0.22263066470623016,0.7413507699966431,0.5330680012702942,0.7711917161941528,1.0,0.0,0.0,0.17394910752773285,0.47946810722351074,0.2398815155029297,A,0.5111493468284607,1,0.06243119388818741,-0.0031773883383721113
0.8065953254699707,0.2783711850643158,0.7841848731040955,0.5266076922416687,0.7743648886680603,0.0,1.0,0.0,0.7551746964454651,0.6663205027580261,0.7206833958625793,B,0.6835901141166687,0,0.13058669865131378,-0.020283009856939316
0.7840691804885864,0.30375924706459045,0.7508469223976135,0.5273971557617188,0.732429027557373,0.0,0.0,1.0,0.7455217838287354,0.8021200299263,0.8467375040054321,C,0.693225622177124,0,0.10577614605426788,-0.01658252812922001
0.7789624929428101,0.28547048568725586,0.8489864468574524,0.5751231908798218,0.7728501558303833,0.0,1.0,0.0,0.6862332820892334,0.7985509634017944,0.8224878907203674,B,0.7347623705863953,1,0.13203273713588715,-0.01110992580652237
0.8268707394599915,0.27388495206832886,0.6782435774803162,0.4112889766693115,0.6653019189834595,1.0,0.0,0.0,0.5648408532142639,0.12742191553115845,0.3113681674003601,A,0.37981945276260376,0,0.059257425367832184,-0.004692147485911846
0.742916464805603,0.2955857813358307,0.7581794857978821,0.44945845007896423,0.6939075589179993,1.0,0.0,0.0,0.4642763137817383,0.2692483365535736,0.15933740139007568,A,0.39161157608032227,0,0.017673255875706673,-0.0019489889964461327
0.6877956986427307,0.34584105014801025,0.7273060083389282,0.397126168012619,0.7039151191711426,1.0,0.0,0.0,0.11977467685937881,0.12359291315078735,0.3145692050457001,A,0.33515217900276184,1,0.010680785402655602,0.004119551740586758
0.7031518220901489,0.32903429865837097,0.7082399725914001,0.3810907304286957,0.6804754734039307,1.0,0.0,0.0,0.3002851903438568,0.03943425416946411,0.304379403591156,A,0.3249111473560333,0,0.03128926828503609,0.007078056689351797
0.7944945693016052,0.18547837436199188,0.6508112549781799,0.5068298578262329,0.712937593460083,0.0,0.0,1.0,0.4785271883010864,0.059129875153303146,0.743593692779541,C,0.509186863899231,0,0.0676172599196434,-0.020379837602376938
0.8638428449630737,0.2756009101867676,0.7876889109611511,0.5535913109779358,0.8196043968200684,0.0,1.0,0.0,0.8110021352767944,0.6139572262763977,0.7712513208389282,B,0.700968861579895,1,0.14554095268249512,-0.026530539616942406
0.767219603061676,0.2252131700515747,0.8089462518692017,0.5334420800209045,0.7686723470687866,1.0,0.0,0.0,0.2918364107608795,0.47702690958976746,0.22678902745246887,A,0.4551459848880768,0,0.03225775435566902,-0.012037266045808792
0.7919540405273438,0.2516820430755615,0.7709078788757324,0.6241257786750793,0.8102918267250061,0.0,1.0,0.0,0.5077563524246216,0.7636624574661255,0.6334599852561951,B,0.679189145565033,0,0.15160825848579407,-0.018144158646464348
0.7888431549072266,0.2486388385295868,0.7270593643188477,0.40815481543540955,0.6697127223014832,1.0,0.0,0.0,0.7200822234153748,0.28833821415901184,0.39024817943573,A,0.539152204990387,0,0.08138883113861084,0.0012702010571956635
0.804994523525238,0.2476792186498642,0.7852127552032471,0.4179915189743042,0.7756539583206177,1.0,0.0,0.0,0.37752753496170044,0.18065133690834045,0.2319113165140152,A,0.41055625677108765,0,0.04887755215167999,-0.009564056992530823
0.8074401021003723,0.28501155972480774,0.7266428470611572,0.5313078165054321,0.6820083260536194,0.0,0.0,1.0,0.2852555215358734,0.5530449748039246,0.8189617991447449,C,0.5751202702522278,0,0.09525036811828613,-0.013292346149682999
0.8042142987251282,0.24528124928474426,0.7792686820030212,0.5654240846633911,0.7136682868003845,0.0,1.0,0.0,0.692116379737854,0.9618713855743408,0.6533430218696594,B,0.7312302589416504,1,0.1341046541929245,-0.020761150866746902
0.8623175024986267,0.28780674934387207,0.805409848690033,0.5295121073722839,0.7594395875930786,0.0,0.0,1.0,0.3933952748775482,0.3717361092567444,0.7789472937583923,C,0.6154046654701233,1,0.08502913266420364,-0.023801537230610847
0.8118271231651306,0.18432898819446564,0.8226844668388367,0.5953413248062134,0.8277443647384644,0.0,1.0,0.0,0.7685126662254333,0.6960906982421875,0.5498768091201782,B,0.7193651795387268,1,0.10725025087594986,-0.021183019503951073
0.8020212650299072,0.2809589207172394,0.7567009925842285,0.5846670269966125,0.7525746822357178,0.0,1.0,0.0,0.6624945998191833,0.8239268064498901,0.658528208732605,B,0.7357486486434937,1,0.11092717200517654,-0.01679416373372078
0.8608138561248779,0.2641075849533081,0.7205683588981628,0.40081754326820374,0.7249094247817993,0.0,0.0,1.0,0.565858006477356,0.09508345276117325,0.7940042614936829,C,0.514133095741272,0,0.09316419064998627,-0.026088401675224304
0.7511279582977295,0.23696881532669067,0.7572826743125916,0.5383514761924744,0.6634396910667419,0.0,0.0,1.0,0.1726493239402771,0.5101155042648315,0.6002988219261169,C,0.48722437024116516,0,0.08629128336906433,-0.027346424758434296
0.7213913798332214,0.2550787627696991,0.746830940246582,0.4878130555152893,0.7069444060325623,0.0,0.0,1.0,0.2237524688243866,0.7358899712562561,0.733788788318634,C,0.5772219300270081,1,0.11215672641992569,-0.01741822250187397
0.8802016973495483,0.17862215638160706,0.6803412437438965,0.4673961400985718,0.6883306503295898,0.0,0.0,1.0,0.6806737780570984,0.5231390595436096,0.7179164290428162,C,0.5843844413757324,1,0.11227349191904068,-0.036144956946372986
0.810707151889801,0.22756852209568024,0.7358709573745728,0.4895014762878418,0.6916680932044983,0.0,0.0,1.0,0.22586029767990112,0.6230896711349487,0.2866506278514862,C,0.5513474345207214,0,0.06399936974048615,-0.016717026010155678
0.8431515097618103,0.15049272775650024,0.7412535548210144,0.40207910537719727,0.7202339768409729,0.0,0.0,1.0,0.41400405764579773,0.399615079164505,0.8689390420913696,C,0.6202840805053711,1,0.07094435393810272,-0.028166623786091805
0.7673759460449219,0.23921430110931396,0.7358161807060242,0.483316034078598,0.7015292048454285,1.0,0.0,0.0,0.08862651884555817,0.06440016627311707,0.4173276126384735,A,0.3916012942790985,0,0.04660962149500847,-0.004745306447148323
0.734448254108429,0.30439770221710205,0.6830295324325562,0.5341469049453735,0.7855821251869202,0.0,0.0,1.0,0.22608889639377594,0.18459151685237885,0.547715961933136,C,0.44987979531288147,1,0.07184425741434097,-0.019234463572502136
0.8659658432006836,0.2703520655632019,0.7298821210861206,0.5130282044410706,0.80724036693573,0.0,1.0,0.0,0.6506781578063965,0.7321634292602539,0.6620841026306152,B,0.6714708805084229,1,0.08848658204078674,-0.01629771664738655
0.86918705701828,0.29001232981681824,0.8709213137626648,0.589867889881134,0.7378880381584167,0.0,1.0,0.0,0.7070138454437256,0.825065016746521,0.7651063799858093,B,0.695608913898468,0,0.08808118849992752,-0.01415032334625721
0.8439825177192688,0.2798426151275635,0.7964590787887573,0.5264594554901123,0.7704963684082031,0.0,1.0,0.0,0.6243498921394348,0.8202463984489441,0.5523508787155151,B,0.7076845169067383,1,0.08962367475032806,-0.007760290056467056
0.7458528876304626,0.3037446141242981,0.6650769114494324,0.4073571264743805,0.6575913429260254,0.0,0.0,1.0,0.3922429084777832,0.14080014824867249,0.7389962673187256,C,0.4593636691570282,1,0.07228042930364609,-0.03009883686900139
0.8477194309234619,0.30717775225639343,0.6940186619758606,0.41830331087112427,0.7884722352027893,0.0,0.0,1.0,0.550121545791626,0.2752563953399658,0.563179075717926,C,0.530826985836029,1,0.07629304379224777,-0.015937156975269318
0.729753851890564,0.20203936100006104,0.7640389800071716,0.5174844264984131,0.7848153710365295,1.0,0.0,0.0,0.24822159111499786,0.36732977628707886,0.3553820848464966,A,0.4308357536792755,0,0.03675325959920883,-0.0004564640112221241
0.8248995542526245,0.31255587935447693,0.7323852181434631,0.4400172531604767,0.7370427250862122,0.0,0.0,1.0,0.29385247826576233,0.23295611143112183,0.8080030679702759,C,0.4882890284061432,0,0.052986547350883484,-0.027701497077941895
0.8312514424324036,0.22828011214733124,0.7948607206344604,0.49485862255096436,0.7141062617301941,0.0,0.0,1.0,0.4460907578468323,0.6503463387489319,0.5392544865608215,C,0.5261852741241455,1,0.0712614506483078,-0.026315176859498024
0.7856482267379761,0.22602501511573792,0.7562089562416077,0.4935828745365143,0.7032371163368225,0.0,1.0,0.0,0.6574467420578003,0.6420655250549316,0.8078990578651428,B,0.6914437413215637,1,0.11161200702190399,-0.02289556711912155
0.7426590323448181,0.2940368354320526,0.7127034068107605,0.46925094723701477,0.7709876298904419,1.0,0.0,0.0,0.401358038187027,0.3492189645767212,0.4079304337501526,A,0.39657387137413025,0,0.07317259907722473,-0.016960375010967255
0.7074283957481384,0.28042829036712646,0.673787534236908,0.4067007899284363,0.7093795537948608,1.0,0.0,0.0,0.17748722434043884,0.017206819728016853,0.25116583704948425,A,0.42276516556739807,0,0.03606979921460152,-0.018993938341736794
0.7448097467422485,0.13188746571540833,0.7381976842880249,0.4064161777496338,0.7704663872718811,0.0,0.0,1.0,0.6662428975105286,0.19929540157318115,0.5655512809753418,C,0.670335054397583,1,0.11107747256755829,-0.028116749599575996
0.8304532766342163,0.19567809998989105,0.7460854649543762,0.6316121816635132,0.6922848224639893,0.0,1.0,0.0,0.7882201075553894,0.9650547504425049,0.27906447649002075,B,0.7686697244644165,1,0.11418305337429047,-0.027278438210487366
0.8034083843231201,0.22231809794902802,0.6835798025131226,0.3793315589427948,0.7406158447265625,0.0,0.0,1.0,0.21354904770851135,0.29765141010284424,0.6583206653594971,C,0.4532467722892761,1,0.0813632681965828,-0.018251754343509674
0.7987715005874634,0.3103414475917816,0.7396782636642456,0.549939751625061,0.7221353650093079,0.0,1.0,0.0,0.4663642644882202,0.7762339115142822,0.7768534421920776,B,0.6816921830177307,1,0.1160397082567215,-0.025020020082592964
0.8269907236099243,0.2346072793006897,0.749447226524353,0.5169081687927246,0.7595732808113098,0.0,0.0,1.0,0.34835562109947205,0.48242902755737305,0.6883458495140076,C,0.6042320728302002,1,0.08953473716974258,-0.0372079536318779
0.8099047541618347,0.16674573719501495,0.8066686987876892,0.5511981248855591,0.7928997278213501,0.0,1.0,0.0,0.9066044092178345,0.661388099193573,0.7758641242980957,B,0.6594986915588379,1,0.11997736990451813,-0.013074948452413082
0.8086720108985901,0.200696662068367,0.7403444051742554,0.48928290605545044,0.7577002644538879,0.0,0.0,1.0,0.4045771360397339,0.20410291850566864,0.6285259127616882,C,0.6007546186447144,1,0.07639405131340027,-0.016156136989593506
0.7838791608810425,0.29546216130256653,0.6665095686912537,0.4004255533218384,0.6618500351905823,1.0,0.0,0.0,0.13073314726352692,0.05511099845170975,0.24565169215202332,A,0.3755321800708771,1,0.06997702270746231,-0.01582455448806286
0.8302581906318665,0.2712717056274414,0.7952722311019897,0.516851544380188,0.7423934936523438,0.0,1.0,0.0,0.9591966867446899,0.8567497134208679,0.847139298915863,B,0.7850332856178284,1,0.15913455188274384,-0.03999999910593033
0.8278768062591553,0.2803976237773895,0.7478832602500916,0.477362722158432,0.7499403357505798,0.0,0.0,1.0,0.6505001187324524,0.1868622899055481,0.7434763312339783,C,0.5633020401000977,1,0.07911938428878784,-0.02396339178085327
0.7261536717414856,0.313942551612854,0.7086925506591797,0.4402000308036804,0.7850518822669983,0.0,0.0,1.0,0.5512227416038513,0.6912341713905334,0.17197351157665253,C,0.5377762913703918,1,0.06789550185203552,-0.024774271994829178
0.790673553943634,0.2653975784778595,0.7026193737983704,0.488413542509079,0.6435562968254089,0.0,0.0,1.0,0.32312512397766113,0.4627443253993988,0.7565038204193115,C,0.6293752789497375,0,0.09924080222845078,-0.02699420414865017
0.7430562376976013,0.2412135750055313,0.6786675453186035,0.3825424015522003,0.7691240310668945,1.0,0.0,0.0,0.20009887218475342,0.11098894476890564,0.3447655439376831,A,0.3978864550590515,0,0.055502355098724365,-0.007170697674155235
0.8258635997772217,0.15496967732906342,0.7535169124603271,0.6265050172805786,0.8328549265861511,0.0,1.0,0.0,0.5603618621826172,0.7939428687095642,0.7961061596870422,B,0.7638437151908875,0,0.1198887750506401,-0.03309642896056175
0.805503249168396,0.3043164908885956,0.7292672991752625,0.3942210078239441,0.7464940547943115,1.0,0.0,0.0,0.5682133436203003,0.10351645946502686,0.24359072744846344,A,0.4880707263946533,1,0.03475901484489441,-0.01072627492249012
0.8490698933601379,0.2631344795227051,0.7330120801925659,0.520150363445282,0.7042068243026733,1.0,0.0,0.0,0.5198324918746948,0.15913987159729004,0.43372833728790283,A,0.46603450179100037,1,0.07357467710971832,-0.012454804964363575
0.8253036141395569,0.28390777111053467,0.7578208446502686,0.4123440682888031,0.7912591099739075,0.0,0.0,1.0,0.5679594278335571,0.3121098577976227,0.5383049845695496,C,0.5595778226852417,1,0.04414201155304909,-0.021001014858484268
0.8579111695289612,0.21836213767528534,0.7468686699867249,0.4314379096031189,0.6866205334663391,0.0,0.0,1.0,0.6389645338058472,0.184734046459198,0.7789127230644226,C,0.6043089628219604,0,0.09837698936462402,-0.015640947967767715
0.7744848132133484,0.2289692759513855,0.7166460156440735,0.47284582257270813,0.7430027723312378,0.0,0.0,1.0,0.48010560870170593,0.4672883152961731,0.5136223435401917,C,0.48771193623542786,0,0.10162051767110825,-0.013171281665563583
0.8215528130531311,0.3130824565887451,0.7539913654327393,0.5204333662986755,0.727344274520874,0.0,0.0,1.0,0.5979026556015015,0.28831255435943604,0.42826730012893677,C,0.5363292694091797,0,0.07775450497865677,-0.008139345794916153
0.8305930495262146,0.17167186737060547,0.7705547213554382,0.44138431549072266,0.7492054104804993,0.0,0.0,1.0,0.5281800031661987,0.3025490939617157,0.5919961929321289,C,0.5772668123245239,1,0.08819547295570374,-0.023062730208039284
0.7661646604537964,0.2830548584461212,0.7128299474716187,0.5230880379676819,0.7285904884338379,0.0,0.0,1.0,0.6609551310539246,0.1874207854270935,0.8265695571899414,C,0.7123742699623108,1,0.06165628507733345,-0.009718161076307297
0.7325766682624817,0.26658278703689575,0.6534313559532166,0.4710010886192322,0.7751498818397522,1.0,0.0,0.0,0.09703492373228073,0.08077746629714966,0.5489857792854309,A,0.27574723958969116,0,0.06444079428911209,-0.005067470949143171
0.8360115885734558,0.23682847619056702,0.7670276761054993,0.3808923363685608,0.7429877519607544,1.0,0.0,0.0,0.47763770818710327,0.1546783298254013,0.4049053192138672,A,0.39548030495643616,1,0.07128023356199265,-0.0025136442855000496
0.7910214066505432,0.2485758364200592,0.7891756892204285,0.6103501915931702,0.8078334927558899,0.0,1.0,0.0,0.6375304460525513,0.89408278465271,0.8092138171195984,B,0.7624971866607666,0,0.12308920919895172,-0.03131723403930664
0.8185306787490845,0.2830526530742645,0.6736752390861511,0.5212522745132446,0.6835408806800842,0.0,0.0,1.0,0.4289014935493469,0.48786479234695435,0.5070804953575134,C,0.5416763424873352,0,0.1140936017036438,-0.01612110249698162
0.806079626083374,0.2568396031856537,0.698601245880127,0.3980807363986969,0.6946584582328796,1.0,0.0,0.0,0.42649930715560913,0.031232083216309547,0.5552487373352051,A,0.3406623899936676,0,0.06654903292655945,-0.001115657389163971
0.7917234301567078,0.2522578239440918,0.8615188002586365,0.5061809420585632,0.7110069394111633,0.0,1.0,0.0,0.6919554471969604,0.7806140780448914,0.9278353452682495,B,0.7885522246360779,1,0.1196049228310585,-0.018284980207681656
0.7863115072250366,0.2511717975139618,0.7236339449882507,0.4420391321182251,0.6912233829498291,0.0,0.0,1.0,0.5395070314407349,0.1624155193567276,0.8590726852416992,C,0.527447521686554,0,0.08725219964981079,-0.030770644545555115
0.7452741265296936,0.275588721036911,0.737550675868988,0.44811931252479553,0.6866779327392578,1.0,0.0,0.0,0.15595918893814087,0.19753986597061157,0.43096494674682617,A,0.37091344594955444,1,0.04770126938819885,-0.010459180921316147
0.8403648138046265,0.1466788798570633,0.7941681146621704,0.49274224042892456,0.8013882637023926,0.0,1.0,0.0,0.7228321433067322,0.5974962711334229,0.7393954396247864,B,0.6185420155525208,1,0.10517418384552002,-0.01933143101632595
0.7308180332183838,0.23662348091602325,0.6975656747817993,0.3857038915157318,0.6953260898590088,0.0,0.0,1.0,0.46153175830841064,0.16448615491390228,0.6875802278518677,C,0.5533604025840759,0,0.06169690191745758,-0.020019613206386566
0.7682221531867981,0.2798442244529724,0.7634901404380798,0.3877091109752655,0.7262208461761475,0.0,0.0,1.0,0.4932990074157715,0.37818944454193115,0.7860463857650757,C,0.6325312256813049,1,0.09010960906744003,-0.03390856087207794
0.7605235576629639,0.26234298944473267,0.7151435017585754,0.5022319555282593,0.7764987349510193,1.0,0.0,0.0,0.1045159101486206,0.19074606895446777,0.540368914604187,A,0.429095596075058,0,0.022061575204133987,-0.00701163662597537
0.8054158091545105,0.3062078058719635,0.7932286262512207,0.4703342020511627,0.7500001192092896,0.0,0.0,1.0,0.149872288107872,0.20915082097053528,0.6415126919746399,C,0.5619813799858093,0,0.054107751697301865,-0.014089914038777351
0.8449406027793884,0.2094997763633728,0.7448798418045044,0.6403734087944031,0.7674381136894226,0.0,1.0,0.0,0.6670841574668884,0.957936704158783,0.7424964308738708,B,0.7218763828277588,1,0.1292562037706375,-0.03373938053846359
0.7758718132972717,0.19901403784751892,0.7859704494476318,0.4663768708705902,0.7229474782943726,0.0,0.0,1.0,0.45365750789642334,0.4216405749320984,0.7702793478965759,C,0.6151831746101379,0,0.1184522956609726,-0.0227925144135952
0.7246812582015991,0.2480531632900238,0.7648162245750427,0.4542026221752167,0.6731027364730835,1.0,0.0,0.0,0.2022516280412674,0.07686635851860046,0.18268504738807678,A,0.36159148812294006,0,0.02282361499965191,-0.008171897381544113
0.8192118406295776,0.27781781554222107,0.8191817402839661,0.5482414960861206,0.819092333316803,0.0,1.0,0.0,0.6593613028526306,0.7594218254089355,0.7728416323661804,B,0.7325893044471741,0,0.12861919403076172,-0.023352311924099922
0.8412542939186096,0.2717209756374359,0.8382664322853088,0.5185926556587219,0.7323427796363831,0.0,1.0,0.0,0.7548209428787231,0.750798761844635,0.8834313750267029,B,0.6760331988334656,0,0.10185560584068298,-0.017215650528669357
0.7464404702186584,0.19701752066612244,0.7328119874000549,0.38888052105903625,0.7174917459487915,1.0,0.0,0.0,0.6668586134910583,0.1550401747226715,0.33296361565589905,A,0.4340377748012543,1,0.06632712483406067,-0.00023456476628780365
0.7383719682693481,0.18742133677005768,0.7331331968307495,0.4399878680706024,0.7010934352874756,0.0,0.0,1.0,0.4932387173175812,0.7474795579910278,0.8334546685218811,C,0.6395938396453857,1,0.11128216981887817,-0.009120731614530087
0.8337790369987488,0.34796491265296936,0.681308925151825,0.462520033121109,0.7414047718048096,1.0,0.0,0.0,0.35528361797332764,0.08572877943515778,0.3702053427696228,A,0.39945903420448303,1,0.06230602413415909,-0.011231483891606331
0.7772002816200256,0.23760345578193665,0.8018177151679993,0.5022874474525452,0.7404541969299316,1.0,0.0,0.0,0.6128387451171875,0.09609729796648026,0.578562319278717,A,0.45200085639953613,1,0.05971064791083336,-0.008132485672831535
0.8185269236564636,0.24966910481452942,0.7759311199188232,0.6109002232551575,0.6929695010185242,0.0,1.0,0.0,0.43273672461509705,0.8265801072120667,0.618622362613678,B,0.6988460421562195,1,0.13202817738056183,-0.026394275948405266
0.7596155405044556,0.3011513948440552,0.7626324892044067,0.563562273979187,0.7878918647766113,0.0,0.0,1.0,0.1791638731956482,0.554463803768158,0.5851991176605225,C,0.5536930561065674,1,0.08315251022577286,-0.006191694177687168
0.766125500202179,0.2620949149131775,0.7132718563079834,0.4932343065738678,0.7540681958198547,0.0,0.0,1.0,0.24678075313568115,0.6440717577934265,0.8178307414054871,C,0.6555629968643188,0,0.09993308782577515,-0.015585945919156075
0.7861126661300659,0.23159447312355042,0.7749278545379639,0.5568846464157104,0.7881666421890259,0.0,0.0,1.0,0.4404752552509308,0.7338423132896423,0.5655632019042969,C,0.6294224858283997,1,0.10125140100717545,-0.01739748939871788
0.7875511050224304,0.27556750178337097,0.8240665197372437,0.5026120543479919,0.6892071962356567,1.0,0.0,0.0,0.48248204588890076,0.5572157502174377,0.12333785742521286,A,0.4057523310184479,1,0.07753864675760269,-0.005075244233012199
0.8342068791389465,0.22044171392917633,0.7406670451164246,0.5503088235855103,0.6985220313072205,0.0,1.0,0.0,0.798592746257782,0.5138428211212158,0.61641925573349,B,0.668670117855072,0,0.11228824406862259,-0.023660657927393913
0.7087603211402893,0.2577134966850281,0.7347701787948608,0.520958662033081,0.6731641292572021,1.0,0.0,0.0,0.2793606221675873,0.4331861138343811,0.14830827713012695,A,0.369694322347641,0,0.03350752592086792,-0.01285682525485754
0.837505578994751,0.18283718824386597,0.8710765838623047,0.5563956499099731,0.8252609372138977,0.0,1.0,0.0,0.6495407819747925,0.5776177048683167,0.5500887036323547,B,0.7222437262535095,0,0.1082967147231102,-0.013511402532458305
0.838476300239563,0.26453375816345215,0.7878720760345459,0.4253081977367401,0.8053026795387268,0.0,0.0,1.0,0.7361449003219604,0.35598230361938477,0.8543339967727661,C,0.6169447898864746,1,0.0751204788684845,-0.020732291042804718
0.8429045677185059,0.1660330444574356,0.7810701131820679,0.5290651321411133,0.7383314967155457,0.0,0.0,1.0,0.29255762696266174,0.19220516085624695,0.9618245959281921,C,0.6428021788597107,1,0.08077533543109894,-0.03430793806910515
0.7754988670349121,0.182533860206604,0.8290309309959412,0.6201684474945068,0.7401790022850037,0.0,1.0,0.0,0.929324209690094,0.9425532817840576,0.5041031837463379,B,0.7479847073554993,1,0.14846466481685638,-0.014126762747764587
0.824430525302887,0.2325943410396576,0.7968141436576843,0.5909051299095154,0.8403458595275879,0.0,1.0,0.0,0.8392617106437683,0.9492496252059937,0.5578100681304932,B,0.7121509313583374,1,0.1395386904478073,-0.016390256583690643
0.7666923999786377,0.23077253997325897,0.7052961587905884,0.44374993443489075,0.784752607345581,0.0,0.0,1.0,0.3560883402824402,0.20017223060131073,0.7420258522033691,C,0.5044175982475281,0,0.0970984399318695,-0.013982781209051609
0.7936370372772217,0.2711755633354187,0.8177363276481628,0.5231112837791443,0.7486283779144287,0.0,1.0,0.0,0.9748559594154358,0.8904504776000977,0.7114273309707642,B,0.7688829898834229,1,0.10435758531093597,-0.01385472621768713
0.7796828150749207,0.24756461381912231,0.6740632653236389,0.48172271251678467,0.6728711128234863,1.0,0.0,0.0,0.279839426279068,0.27514225244522095,0.06602499634027481,A,0.3617990016937256,0,0.04769403487443924,-0.006129313260316849
0.8057662844657898,0.22555217146873474,0.7495202422142029,0.6291919350624084,0.8092021942138672,0.0,1.0,0.0,0.5065035223960876,0.7895342111587524,0.4272378981113434,B,0.7050620317459106,0,0.0980851948261261,-0.02988080307841301
0.8227953314781189,0.3313474655151367,0.7544164657592773,0.4237406253814697,0.7886509299278259,1.0,0.0,0.0,0.18283502757549286,0.18434849381446838,0.5381255149841309,A,0.3487001955509186,1,0.06332789361476898,0.0048032789491117
0.7585024237632751,0.23659728467464447,0.7023229002952576,0.5132425427436829,0.7265401482582092,1.0,0.0,0.0,0.30522578954696655,0.30196091532707214,0.28083497285842896,A,0.41768625378608704,0,0.04931531473994255,-0.004575887694954872
0.7166973352432251,0.24615687131881714,0.7155458927154541,0.4844162166118622,0.7761358022689819,1.0,0.0,0.0,0.43792736530303955,0.20665216445922852,0.6503328680992126,A,0.47849518060684204,1,0.08501112461090088,-0.016432682052254677
0.8426494002342224,0.18685738742351532,0.8499794006347656,0.5999969244003296,0.8176934123039246,0.0,1.0,0.0,0.9341093897819519,0.6260448098182678,0.4783315062522888,B,0.6963527202606201,1,0.13559846580028534,-0.01262575387954712
0.8168107867240906,0.2141483724117279,0.7425776124000549,0.649547278881073,0.8113982677459717,0.0,1.0,0.0,0.7418041825294495,0.8857980370521545,0.5544781684875488,B,0.7983840703964233,1,0.1289806365966797,-0.02500338852405548
0.8309027552604675,0.21853752434253693,0.7806991934776306,0.5567418336868286,0.761049211025238,0.0,1.0,0.0,0.7326773405075073,0.9554187059402466,0.4347738027572632,B,0.671110987663269,0,0.14340412616729736,-0.016743024811148643
0.8344269394874573,0.20677508413791656,0.8544187545776367,0.5434213280677795,0.8232847452163696,0.0,1.0,0.0,0.6468755602836609,0.8062610626220703,0.6489183902740479,B,0.7068536281585693,0,0.10597148537635803,-0.0374373197555542
0.8502113223075867,0.22688771784305573,0.6741527915000916,0.5424817800521851,0.7265774011611938,0.0,0.0,1.0,0.40414121747016907,0.2904207110404968,0.6538478136062622,C,0.602881669998169,1,0.11015170812606812,-0.024076567962765694
0.7363071441650391,0.18260988593101501,0.6930591464042664,0.3885208070278168,0.7283527851104736,0.0,0.0,1.0,0.33964309096336365,0.1902443766593933,0.8975902199745178,C,0.6460787057876587,0,0.11456476897001266,-0.030405044555664062
0.7774701118469238,0.33209502696990967,0.8674721121788025,0.5008333325386047,0.7513450980186462,0.0,1.0,0.0,0.7793461084365845,0.5473196506500244,0.5029714107513428,B,0.6421692967414856,0,0.10428504645824432,-0.006400854326784611
0.7412155270576477,0.3048536777496338,0.7426335215568542,0.4746391177177429,0.753998875617981,1.0,0.0,0.0,0.23882195353507996,0.37927037477493286,0.1878143697977066,A,0.3493146300315857,1,0.06996414810419083,-0.008628771640360355
0.7818230390548706,0.26888808608055115,0.7477114200592041,0.43757250905036926,0.695199191570282,0.0,0.0,1.0,0.38155266642570496,0.5838794708251953,0.8163504004478455,C,0.5355374217033386,1,0.05262883007526398,-0.019896216690540314
0.714113175868988,0.18691158294677734,0.7070376873016357,0.4608972668647766,0.7828842997550964,1.0,0.0,0.0,0.5021969676017761,0.17540940642356873,0.1746629774570465,A,0.3240419328212738,1,0.09639526903629303,-0.014741642400622368
0.7348053455352783,0.19310908019542694,0.7287070155143738,0.540743887424469,0.6892907619476318,1.0,0.0,0.0,0.5507693290710449,0.22370418906211853,0.23967422544956207,A,0.46018725633621216,0,0.07851046323776245,-0.02118893712759018
0.7555141448974609,0.23057767748832703,0.7555460333824158,0.4547100365161896,0.8075786828994751,0.0,0.0,1.0,0.7581204175949097,0.30743250250816345,0.859043538570404,C,0.6237777471542358,0,0.09201642870903015,-0.022932233288884163
0.8757178783416748,0.25648033618927,0.8481738567352295,0.50791335105896,0.8028259873390198,0.0,1.0,0.0,0.946174144744873,0.9366416931152344,0.6289201378822327,B,0.739353597164154,1,0.12732461094856262,-0.02409716695547104
0.7789033055305481,0.14006026089191437,0.6620789766311646,0.5223196148872375,0.7669338583946228,0.0,0.0,1.0,0.22467467188835144,0.5328599810600281,0.7722947001457214,C,0.5941280126571655,1,0.0993475690484047,-0.02395596168935299
0.8346831202507019,0.2971828579902649,0.7698185443878174,0.5620285272598267,0.8015105128288269,0.0,1.0,0.0,0.5951337218284607,0.8619685173034668,0.5372064113616943,B,0.6424134373664856,0,0.0993298813700676,-0.02471749298274517
0.8854926228523254,0.16612236201763153,0.8246805667877197,0.5885122418403625,0.7948107719421387,0.0,1.0,0.0,0.9013762474060059,0.8609135746955872,0.7112759351730347,B,0.7878773808479309,0,0.11321625113487244,-0.03697816655039787
0.7754470109939575,0.33185097575187683,0.7707362174987793,0.5301291346549988,0.7970510721206665,1.0,0.0,0.0,0.13985233008861542,0.3080775737762451,0.3187536299228668,A,0.4189218282699585,1,0.05665856599807739,-0.0024432200007140636
